,target
24799,0
12841,0
5726,0
18119,0
32189,0
15619,1
28825,0
19871,0
26873,0
29808,1
30022,0
797,1
3738,0
8820,0
18901,0
17652,0
17981,0
15955,0
9886,0
13480,1
29581,1
11495,0
20803,1
31270,0
19951,0
30483,0
1703,0
12759,1
31626,1
17525,0
31167,0
5988,1
20425,0
26270,1
5446,0
14326,0
7967,0
20446,0
9614,0
14892,0
20870,0
9700,0
23356,1
21194,0
9266,0
5312,0
22319,0
19004,0
18878,0
13113,0
10653,0
5330,0
16857,1
17790,0
27713,0
11009,0
23297,0
9117,1
25392,1
13260,0
10457,0
21513,0
28136,1
1384,0
13488,1
11880,1
14033,0
27565,0
30771,0
21398,0
22648,0
3913,0
26443,0
17586,0
32259,0
14310,0
24351,0
7171,1
15067,0
31841,0
23442,0
11158,1
26371,0
2593,1
9339,0
7373,1
20313,0
22716,0
28169,0
17767,1
32046,0
15466,0
8147,0
17210,1
12796,0
2934,0
19923,0
23419,0
16108,0
32131,0
3860,0
26943,0
20166,0
3777,1
5375,0
5276,1
2376,0
26147,0
20802,0
32097,1
6609,0
19596,1
13680,0
23553,1
30587,0
28785,0
13055,0
15642,0
32337,0
4070,1
22947,0
10366,0
22799,0
30734,1
4402,0
11941,1
21652,0
1675,0
22594,0
4771,0
9102,0
31246,0
27357,1
24004,1
12280,0
11794,0
14259,1
17561,0
5583,0
7466,0
5608,0
9194,0
10410,0
24978,0
5892,1
16418,0
2853,0
30129,0
31682,0
14647,0
25182,0
10350,1
25827,0
19742,1
1564,0
24740,0
15635,1
26298,0
461,1
7458,0
14416,1
20473,0
21799,1
28886,0
21820,0
3949,0
16065,0
24567,0
5319,1
10814,0
27023,1
21118,0
3135,0
1510,0
1080,0
19954,1
27523,0
31457,1
18608,0
30642,0
8240,0
7733,0
23624,0
32047,0
22784,0
27066,0
24729,0
9120,0
14897,1
3448,0
4651,0
22702,1
28708,0
2402,1
13794,0
25908,1
16719,1
2941,0
7009,1
7592,0
14734,1
11118,1
22360,0
19787,0
28079,0
8570,0
26793,0
162,0
770,0
2468,1
14586,0
29738,0
25978,0
20368,0
28189,0
7467,0
12164,0
17957,0
5208,0
16858,1
17205,0
15335,0
2390,0
5790,0
2425,0
2928,0
4405,0
26887,0
15628,0
933,0
13295,1
7057,1
5045,0
8355,0
25339,0
15636,0
7653,0
23115,1
10923,0
31821,1
20265,0
30402,0
14619,0
10309,0
10682,1
26052,0
19849,0
26534,0
8005,1
4267,0
7469,0
29051,0
22235,1
5589,0
3942,1
28022,0
9809,0
8432,0
9930,0
30351,0
3408,0
3571,0
8326,1
25888,1
10029,0
3906,0
4454,0
21524,1
27717,0
9436,0
18325,1
12043,1
3280,1
21637,0
14776,0
14927,0
1800,0
21043,0
18750,0
9412,1
2297,0
12301,0
31322,0
8149,0
12788,0
2611,0
9585,0
17257,0
2537,0
23931,0
26286,1
22595,0
16548,0
10318,0
9189,0
16607,0
5909,0
12115,0
11820,0
14486,0
31281,0
19359,0
12929,0
11739,1
24294,1
28653,1
4623,0
17658,1
21661,1
23659,0
22252,0
19482,1
6741,0
26018,1
18619,1
6634,1
15475,1
15983,1
18139,0
14178,1
26205,0
4508,1
16790,0
24410,0
23643,0
3955,1
29375,0
27819,0
8274,0
2025,1
20715,0
13881,0
2185,0
20552,0
16907,1
11109,1
27354,0
1875,0
29507,0
20266,1
1331,0
27818,0
25722,0
12983,0
22471,0
22375,0
12534,0
28949,0
7027,0
19554,0
14488,1
9571,1
1958,0
27780,1
14006,0
2472,0
1374,0
17217,1
32179,1
26114,1
9505,0
5034,0
13439,0
15837,0
17988,0
25467,1
3003,1
1648,0
21566,0
12962,0
15345,0
32486,0
9669,1
20708,0
17621,0
11910,0
22672,0
23575,1
6994,0
29131,1
29865,1
15485,0
10349,0
9781,0
13891,0
3462,0
11165,0
978,0
28982,0
32471,0
3626,0
17242,0
14344,0
23388,0
25545,0
20643,1
24498,1
26935,0
14274,0
10667,0
20321,0
20638,1
16642,0
28195,0
3524,0
24223,0
5141,0
30865,0
29085,1
5942,0
13419,0
3865,0
18637,0
23362,0
14383,0
11726,1
1411,0
1355,0
4656,1
13511,1
20718,0
4597,1
25476,0
6769,0
26375,0
5672,0
19598,1
8275,1
22514,1
16086,0
24504,0
11144,1
6399,0
32144,1
6993,0
4545,0
10660,0
16060,0
3359,0
8008,1
21400,1
13279,0
25501,0
14440,0
7814,0
12016,0
21600,0
8374,0
13257,0
8442,0
9489,0
16901,1
27125,0
29275,0
972,1
175,1
13740,1
4068,0
3601,1
14773,1
20262,0
18908,0
6342,0
27281,0
23368,0
29531,0
12146,1
579,0
23476,0
31233,0
10330,0
18489,0
30092,0
8136,0
14838,0
23697,0
5570,0
1169,0
25059,1
6493,0
22050,0
10931,1
27522,1
27312,0
1305,0
12502,0
913,1
27708,0
19258,0
21700,1
29949,0
3249,0
16896,0
31257,0
7251,0
28554,0
2986,0
25490,0
3862,0
28645,0
32048,1
12577,0
12910,1
18596,0
23189,0
3251,1
6986,0
26278,0
15529,0
12027,0
25749,0
23035,0
8622,0
19187,1
3688,0
16025,0
20678,0
2121,0
5131,0
6165,0
11400,0
27459,0
28891,0
7998,0
10729,0
22307,1
30619,0
5257,0
26774,1
10533,0
10743,0
27382,0
29886,0
8493,1
14580,0
15201,0
27909,1
18034,1
3460,1
22313,0
1944,0
15744,1
30230,1
2133,0
24207,0
22545,0
28697,0
26564,0
6952,0
18457,0
24634,0
9818,0
1303,0
24260,1
11147,0
10580,0
28612,1
31590,0
23302,0
14625,0
27451,0
801,0
16164,0
21991,0
10947,0
9529,0
30319,1
3279,0
548,0
26129,0
10836,0
4276,0
8235,0
25014,0
9363,1
13188,0
27323,0
29294,0
14913,0
10697,1
20426,0
30947,1
7968,0
14761,1
23292,0
21361,0
12719,0
32405,1
10268,0
13133,0
29087,1
16058,0
10595,1
15881,0
31215,0
3392,0
3915,0
14839,0
8885,1
17662,1
20478,0
1583,0
26901,0
8709,0
3977,0
9838,0
9309,0
181,0
27848,0
30266,0
25925,0
1610,0
10864,0
23355,0
6176,0
10281,0
13572,0
25360,0
31110,0
2585,0
25504,0
7202,0
11336,0
31185,0
2563,0
27015,0
8155,0
17592,0
6396,0
12086,0
23118,1
18891,0
18680,0
12177,0
31713,0
29743,0
30836,0
19028,0
11515,1
22575,1
3383,0
22374,1
5704,1
2031,0
26665,0
1980,0
14253,0
8481,0
23506,0
22588,0
29792,0
19617,0
3046,1
27592,0
18791,0
25489,0
23421,1
2464,0
8818,0
31203,0
26746,1
18787,1
21459,1
18772,0
16834,0
1913,0
14075,1
10087,0
11059,0
28924,1
19034,0
23608,0
24432,1
13865,1
25985,0
29361,0
12839,0
8093,0
18439,1
17557,1
24540,0
5684,0
1572,0
6849,1
2501,0
13137,0
4432,0
16252,0
1320,0
17155,0
14843,0
17959,0
26090,0
5385,0
16198,0
20476,0
17319,0
28132,0
28134,0
21870,0
8702,0
6443,0
19249,1
24920,0
2992,0
31993,1
29861,0
27993,0
188,1
10208,0
8544,1
22292,0
16951,1
18946,0
15811,0
10062,0
19396,0
8119,1
9762,0
19654,0
28397,0
27184,0
3784,1
2419,0
15807,0
4031,0
20300,1
1048,0
29515,1
26513,0
27981,0
25224,0
14357,0
20314,0
23967,0
488,0
31208,0
19920,0
3478,1
9800,1
29234,0
32435,1
3592,1
22757,0
300,1
20127,1
6294,1
20776,0
25948,0
18888,0
647,0
32027,1
14398,1
14168,1
26623,0
20450,0
15145,0
8038,0
26533,0
28832,1
2613,0
5515,0
2166,0
15743,0
5097,1
13905,0
22831,0
15734,0
10955,0
7457,0
18594,0
15113,0
23101,1
25482,1
22268,1
5783,1
18507,0
17429,0
5151,1
616,0
29760,0
11193,0
20971,0
5625,0
23286,1
19988,0
4291,0
22136,0
15646,0
26961,0
21755,0
7548,0
32120,0
8288,0
27315,1
2867,0
27680,0
12680,0
28483,0
21410,0
2878,0
22100,0
25617,0
8291,0
28282,0
13849,0
15530,0
8340,0
21435,0
21189,0
1529,1
8469,0
28872,0
26955,1
416,0
22438,0
26776,0
32479,0
7576,1
31293,0
8372,1
15802,0
11359,1
8418,0
15574,0
7642,0
29427,0
27627,0
20904,0
8419,1
9908,0
16348,0
26115,0
24446,0
4725,0
31419,0
14515,0
32465,0
4959,1
23415,0
18954,1
25062,0
10213,1
3670,0
7978,0
10422,0
6512,1
9097,0
15929,0
13045,1
8073,0
15154,1
21635,0
25370,0
14638,1
27335,0
18706,0
27101,1
4424,0
17820,1
16444,0
27533,0
15716,0
23544,0
23285,0
15311,1
14408,0
30779,0
23301,1
4630,1
20392,0
10882,1
19479,1
25675,1
9726,1
11945,0
19165,0
5491,0
28199,0
26357,0
7956,1
25420,0
17250,1
21069,0
30078,1
64,0
597,0
16353,0
23240,0
17995,0
9240,0
25674,0
26778,1
28407,0
2159,0
13093,0
28349,0
32473,1
29347,0
6726,1
9961,0
3928,0
15153,0
11814,0
23502,0
10850,0
22145,1
26952,0
27510,0
27550,0
2923,0
23935,0
10747,0
20276,0
18182,0
32018,0
3477,0
7817,0
31429,0
27814,1
19677,0
13614,1
12520,0
27847,0
31565,0
3068,0
1452,0
27956,1
10151,0
8629,1
30746,0
1456,0
12675,0
13514,0
30512,0
24171,0
3641,0
3071,0
29712,0
23140,1
30812,0
17633,1
27278,0
6660,0
24135,0
1074,0
21007,0
1359,0
1341,1
16930,1
12706,0
28328,1
16667,0
18697,1
739,0
2543,1
13710,0
26763,0
6008,0
20488,1
19155,1
23899,1
20780,1
6046,0
9704,0
32532,1
204,0
2214,0
22256,0
10031,0
13483,0
31892,0
31753,1
8420,0
8262,0
3192,0
22020,0
11120,1
17034,0
29204,0
2825,0
976,0
15178,1
19543,0
16788,0
20812,1
9181,0
21903,0
22037,1
17178,0
4911,1
21726,0
5255,1
31115,0
4376,1
16187,0
23885,0
23698,0
23409,0
27899,0
1991,0
17118,0
30629,1
2542,0
11259,0
1595,0
10145,0
28543,0
24704,0
7541,1
17193,0
12477,0
2764,1
4093,0
27228,1
10975,0
28258,0
10276,0
25937,1
24683,0
24785,0
4230,1
6351,0
27017,0
15592,0
5132,1
10505,0
17809,1
32093,0
1897,0
26816,1
30802,0
18605,0
15622,0
6252,0
12551,0
26011,0
15002,0
13931,0
17738,1
12021,0
12170,0
6310,0
30501,0
2943,0
28382,1
15457,0
10745,0
25602,0
6523,0
23252,0
4899,1
342,0
4777,1
20070,1
21536,0
8860,0
30962,0
20064,0
26081,0
22245,1
32302,0
22912,1
30101,0
26504,0
1072,0
29010,0
32079,0
5522,0
7307,0
28454,0
20834,1
24388,0
4450,1
3263,0
9672,0
25596,0
24956,0
8756,0
14710,0
28176,0
368,0
12028,0
26782,0
8056,0
19013,0
11075,0
18936,0
13870,0
29320,0
3704,0
17053,1
20043,0
8550,0
19806,1
27052,0
8268,0
5795,0
23740,1
24079,0
11430,0
19056,1
10544,0
23049,1
31051,0
15774,0
22190,0
16943,0
10890,0
4786,1
29502,0
12596,0
2360,0
5262,0
4015,0
13380,0
28544,0
28425,0
19069,1
26491,0
199,0
14711,0
8924,0
32184,0
8061,0
6681,0
13370,0
25565,1
30717,0
1356,0
2281,0
23392,1
8041,0
26161,0
30111,1
11529,0
23901,0
18252,0
16396,0
1735,1
9516,0
9573,0
28386,0
8303,0
8671,0
1051,0
4447,0
11036,0
23760,0
465,1
24912,0
26498,0
9003,1
1289,0
7282,0
14783,0
2326,0
18098,1
20816,0
12214,0
16956,0
13075,1
2094,0
27366,0
2257,0
21654,0
7937,0
6138,0
10838,0
16766,0
21667,1
2773,0
29265,0
15274,0
26709,0
29388,0
29338,0
27616,0
26860,0
2780,0
8967,0
20479,0
4805,0
10539,0
2767,1
22895,0
20653,0
21286,1
13556,0
17391,1
11249,0
7731,1
16815,0
1076,0
2409,0
5214,1
24258,1
15016,0
17583,0
15163,1
21649,0
16197,0
26682,0
5210,0
28893,0
6607,0
1203,0
22177,1
13145,0
1847,1
13220,0
20991,1
4549,0
22462,0
24574,1
24468,0
4349,1
26101,1
30346,1
32133,1
8218,1
3958,0
21293,0
25085,1
31559,1
16068,0
32143,0
4582,0
196,0
27118,0
241,0
31146,0
5198,0
22674,0
25721,1
24580,0
9708,1
15943,0
23696,0
19783,0
29172,0
1541,0
23354,0
4468,0
28237,0
3771,0
23811,0
12422,1
31529,1
28963,0
15899,0
3293,0
55,0
17940,0
21328,0
3914,0
14098,0
7410,0
4269,0
19831,0
15003,0
9839,0
29231,1
22584,0
17698,0
16706,0
26711,0
18043,0
23183,0
18644,0
32297,0
7773,0
1901,1
5389,1
7185,1
4328,1
6521,0
29494,0
31724,0
18746,0
8417,1
30830,0
3235,0
1066,0
4367,0
3310,0
1110,0
18100,0
20702,0
9514,1
31261,1
32543,1
22415,0
23222,0
23324,0
7955,1
18515,0
24702,1
27325,0
18215,0
9224,0
13658,0
8023,0
6360,0
3338,1
8959,0
6999,1
24107,0
25118,0
17278,0
20293,0
2394,0
31787,0
15058,1
32368,0
7368,0
32419,0
965,0
28131,0
18640,0
19380,0
21658,0
11160,0
26459,0
1821,0
16722,0
22343,0
3939,0
1462,1
30516,0
19626,0
8994,1
24531,1
14282,0
30849,1
8717,0
7238,0
784,1
4362,0
21739,0
28216,0
19381,0
20949,1
22761,0
14336,0
1722,0
24166,0
22660,0
14956,1
27064,0
26652,1
11871,0
3316,0
27733,0
31123,0
13827,1
10656,0
20331,0
24143,0
29907,0
32010,0
19087,0
4206,1
12358,1
20676,0
9261,0
16615,1
20009,0
25274,0
19197,1
716,0
12318,0
6426,0
7506,0
20923,0
31910,0
11472,0
17512,0
13198,0
20463,1
334,0
23750,0
20804,0
18689,0
6873,0
11392,0
32272,0
13834,0
37,0
27065,0
2441,0
31351,0
15613,1
28101,1
28768,0
14442,0
11145,0
6766,0
18092,0
30798,1
20967,0
23761,0
25219,0
26856,0
12103,0
974,0
29511,0
8992,1
3237,0
2440,0
21749,0
2510,0
31597,0
23063,1
27008,0
4456,0
15084,0
22325,1
22920,1
6898,1
1106,1
13482,0
20434,0
11215,0
309,0
24469,0
30374,1
10393,0
19386,0
14475,0
22528,0
15365,1
25317,1
17867,0
12639,1
3570,0
31848,0
6787,1
22622,1
10078,0
32090,0
13122,0
29057,0
11194,1
5925,0
2022,0
31243,0
9462,0
28980,0
8592,1
7896,0
7816,1
678,1
22285,0
27246,0
17665,1
2332,0
28750,0
11548,0
15980,1
13450,1
26266,1
11523,0
18258,0
572,1
149,0
18218,0
10094,0
7516,0
10399,1
9657,0
22564,0
32518,0
30633,0
30613,0
31918,0
21181,1
17176,0
26497,0
10345,1
11223,0
7492,0
1098,1
24551,1
23148,0
2896,1
27694,0
27051,0
427,1
11720,1
31142,0
25006,0
21,0
30688,0
8707,0
26917,1
15984,0
14747,0
16628,0
23085,1
5831,1
26980,1
19669,1
20746,1
2426,0
28183,0
9143,0
25597,0
14873,0
4322,0
30493,0
14318,0
19368,0
13095,0
11907,1
29321,1
22276,0
24080,0
19491,0
4215,0
22046,0
27789,1
19560,0
14261,0
1743,0
17619,0
14744,0
2788,0
25403,0
19111,0
10510,1
16823,1
8742,0
11436,0
18498,0
13887,0
12451,0
23691,1
7981,0
32487,0
24129,0
13289,0
11459,0
16841,0
9340,0
3565,0
30406,1
19807,0
24,0
24362,1
20567,0
2660,0
30742,1
22385,0
14819,1
30268,0
22194,0
23528,1
21244,0
2729,0
11418,0
340,0
30984,0
4888,0
3820,0
9358,0
18514,1
23829,0
19301,0
5041,0
17554,0
32242,0
8733,0
19741,1
24713,1
2103,0
1742,0
22882,1
9374,1
29659,0
17120,1
9398,0
17702,0
30921,0
13273,1
8808,1
10898,1
9425,0
22228,0
18422,0
14886,0
31767,1
15981,0
9915,1
18154,1
2621,1
10866,0
17717,0
17261,0
1089,0
11682,0
20359,1
14835,1
7337,0
13356,1
18241,1
27507,0
30067,0
23975,1
7304,0
14763,0
8722,0
29112,0
10572,0
11522,0
25811,1
1561,0
12211,1
26850,0
20805,0
27494,0
21058,1
28638,0
10484,0
5124,0
7147,0
31586,1
17252,1
30786,0
13672,0
16426,0
29424,0
30503,1
31504,0
15114,1
11168,0
2580,0
31381,0
4874,1
28865,0
32313,1
20023,1
13984,0
5040,0
27934,0
17960,1
23524,0
19110,1
3348,0
986,0
10757,0
16370,1
10984,1
2255,0
32399,1
25677,1
4584,0
28380,0
19679,0
21141,0
30682,0
21443,0
17897,0
32539,0
2982,0
10125,0
11526,0
23704,0
31880,1
193,1
20926,0
9459,1
7916,0
7748,0
29710,0
26420,0
13298,0
2172,0
9351,0
4079,0
24109,1
9347,0
21986,0
668,0
26268,0
15135,0
22773,0
31561,0
20334,1
8045,0
9643,1
22635,0
22213,0
22511,0
12790,0
10000,0
18902,0
26531,0
12182,0
12855,0
31930,0
30592,0
26372,0
27024,1
9257,0
11847,0
2125,0
27801,0
31116,1
14667,0
2072,0
4377,0
25164,0
9942,0
5812,1
26902,0
29668,0
17216,0
13315,0
16599,1
10705,0
23143,1
6036,1
31411,0
27749,0
9525,1
20740,0
15035,1
23406,0
18493,1
7465,0
7411,0
31189,0
21088,0
14759,0
31396,0
629,0
21796,0
7100,0
31899,1
8001,0
10541,0
1466,0
7272,1
5923,1
32325,1
9109,1
32467,0
17307,0
27831,0
2200,0
30315,1
23364,0
31327,0
12466,1
14155,0
20604,0
21369,1
26583,0
31608,1
7669,0
28376,1
13814,0
18981,1
15351,0
14460,0
32190,1
29992,0
4918,0
1022,0
21324,0
24315,0
32083,0
7768,0
2004,0
24614,1
12424,0
6444,1
7646,1
31731,0
15645,0
5530,0
545,1
20959,0
12230,0
20547,0
479,0
16745,0
20669,0
4653,0
23466,0
19897,0
7118,0
11341,0
307,0
15327,0
8135,0
31766,0
574,1
608,0
30347,0
8189,0
11797,1
19283,0
8980,0
6125,0
23310,1
30975,1
16406,0
23053,0
14160,0
30341,0
19026,0
16373,0
23949,0
12781,0
20984,1
19212,0
1275,0
4439,0
221,0
20239,0
26407,0
22427,0
22605,0
1045,0
13510,1
23071,0
14696,1
15000,1
11124,1
24807,0
24833,0
11006,0
2382,1
21540,0
4692,1
27295,1
24197,0
23879,1
6983,0
13966,0
16219,0
24092,0
4056,0
10706,0
11964,0
8350,0
29287,0
16940,0
9470,0
24624,0
5137,0
11766,0
13032,0
18340,0
10325,0
10219,1
21283,1
15184,0
15204,0
29519,1
31642,0
21049,1
10859,1
7599,0
32235,1
27597,0
8569,0
31809,1
31096,1
1392,0
12191,0
28771,0
31241,0
15630,0
24074,0
7188,1
24947,1
9892,0
15232,0
22451,0
11394,0
19890,0
21709,0
25431,0
14379,1
8296,0
1047,1
30274,1
21779,0
4773,0
25258,0
4605,0
9783,0
26602,0
23574,0
26615,1
2199,0
7982,0
22759,1
26687,0
9842,0
26355,0
5388,0
30417,1
29226,0
8938,0
28078,0
1239,1
14781,0
7572,0
23648,0
31299,0
31425,0
31058,1
10298,0
20003,0
10762,0
7782,1
9416,0
10308,0
22087,1
6774,1
15176,0
2947,0
30013,0
32205,0
20717,0
11481,0
28553,0
20845,0
20050,0
25631,1
24764,0
24334,1
2996,0
28840,0
11609,0
15436,0
13780,0
12405,0
27614,1
27255,0
25580,0
3925,0
4541,0
18121,0
32433,0
6148,1
23785,1
32108,0
4602,0
6813,0
19583,0
8467,0
10386,0
17043,0
31184,0
11314,0
20343,0
13143,1
29663,1
29541,0
8919,1
7787,1
11401,0
20844,0
12300,0
20918,0
26231,0
8636,0
8907,1
9172,0
12239,0
11465,1
4202,0
21664,0
29843,0
6386,1
5711,0
2586,0
29124,0
2449,0
21831,0
12084,0
27245,0
14722,0
25857,1
4950,0
15661,0
24251,0
15315,0
7222,0
29509,0
32392,0
14244,0
28629,0
17518,0
4437,1
4026,0
22437,0
14702,0
7823,0
4358,0
4961,1
19566,0
18500,1
23172,0
18184,0
14320,0
17306,0
20962,0
24216,0
14716,0
21263,0
14746,0
11637,1
26010,0
27413,0
4716,0
28775,0
15923,0
26145,1
23798,0
31877,0
17801,0
15542,0
2327,0
21988,0
14982,0
8246,0
28442,0
14163,0
29246,1
29181,0
9921,0
23803,0
23078,0
12331,0
20181,0
18249,1
22688,0
18283,0
21972,0
16342,0
3971,0
21446,0
4214,0
3663,0
11702,0
9312,1
5316,1
8253,0
25395,0
16909,0
5993,1
28081,0
27079,0
4161,0
20759,0
4077,0
11020,1
31283,0
222,0
15264,0
8346,1
31443,1
23103,0
21561,0
30052,1
22867,1
23227,0
28579,0
8958,1
31905,0
16794,0
20395,0
4506,1
23646,1
10053,0
19828,1
25098,0
28345,0
7391,0
18468,1
25802,0
8617,0
26973,0
14992,1
1820,1
26234,0
17885,0
14392,0
4970,0
16698,0
3907,0
11069,1
12264,1
17684,0
30201,0
13533,0
16149,0
4259,0
20225,1
7797,0
25019,0
5404,0
3521,0
4045,0
16443,0
22746,0
26381,0
26269,0
30989,1
6506,0
18967,0
12609,0
4611,0
31154,0
18111,0
731,0
17359,1
20360,0
29081,0
13000,0
4733,0
19833,0
20007,0
20524,1
22737,0
21275,0
11491,0
1325,0
11826,0
6345,0
6092,0
21681,0
26862,0
30762,0
3278,0
22378,0
20131,0
1145,0
3143,1
3772,0
30269,0
20623,0
4648,1
29036,0
9822,0
335,0
14111,0
9856,0
7710,0
29242,1
21892,1
16133,0
28642,1
12647,0
16412,1
28625,0
2945,1
26162,0
2430,1
17546,0
13745,0
17164,0
23857,0
13151,1
23136,0
10695,1
32307,0
23888,0
31807,1
4380,0
9730,0
20060,0
30638,0
7199,1
21371,1
3516,1
19335,0
7616,0
14969,1
16842,0
29599,0
32425,0
29608,0
22617,0
12708,1
7189,1
12532,0
4690,1
32517,0
18314,0
27673,0
16614,0
31965,0
28493,1
27964,0
20966,0
4065,0
1116,0
15410,0
1143,0
26177,0
29745,1
28184,0
6553,0
28182,0
28752,0
16130,0
20692,0
25555,0
4009,0
14958,1
14359,0
10500,0
25608,0
6132,0
24971,0
6600,0
19508,0
31611,1
448,0
11143,0
10622,0
1716,1
25060,0
27473,0
13747,0
24670,1
8120,0
3888,0
12853,0
21818,0
31926,0
1310,0
3056,1
17903,1
11875,0
23890,0
25506,0
9595,0
18966,0
27929,1
4794,0
18929,1
10357,0
2300,0
23577,0
31204,1
13017,0
32100,0
9433,0
18623,0
9306,0
6737,0
7975,1
27622,0
21158,0
20155,0
22221,0
27527,0
30184,0
25383,0
1754,0
3116,1
4466,0
23426,0
6267,0
28546,1
25262,1
3162,1
28839,0
3188,0
12060,0
17197,0
5445,0
3468,1
32072,0
2423,0
28541,0
4885,0
13144,0
19973,0
27059,0
20091,0
22284,1
8504,0
2237,0
17678,1
8114,0
2269,0
10093,0
5623,0
22516,0
5670,1
4344,0
13211,0
14199,0
12316,0
22165,1
26455,1
27580,1
7585,0
24384,0
26250,0
2417,1
11764,1
945,1
6677,0
8182,0
15890,0
2536,1
1115,1
27602,0
21405,1
22293,0
16559,0
26571,1
8657,0
1476,0
20518,1
22085,0
2212,0
26730,0
3163,0
29013,0
16499,0
24285,0
21090,1
9625,0
28661,1
14349,1
17254,0
4101,1
19747,1
11747,1
31367,0
380,1
16405,0
21748,0
9187,0
7271,0
16761,1
30620,0
31683,0
25020,0
7012,0
1146,1
30780,0
22889,0
27040,0
17503,0
13878,1
10578,0
22902,0
30842,0
3990,0
4301,0
6378,0
31882,0
514,0
22979,1
24714,1
12597,0
15584,0
10777,1
8228,1
24866,0
4133,1
24354,0
4686,1
19914,0
29997,0
11111,0
7153,0
13335,0
26910,0
10504,1
25899,1
9957,0
20636,1
24589,0
86,0
8204,0
12101,0
16512,0
29074,1
20794,0
9015,0
22883,0
13909,0
4147,1
4361,1
22143,0
11987,1
31143,1
1503,0
17063,0
32491,0
20031,0
29526,1
18273,0
22391,1
18884,0
6810,0
4525,0
14393,1
17393,0
11047,0
25649,1
7784,0
28080,0
10218,0
29632,1
18915,0
8106,0
12186,1
15538,0
12044,0
20451,0
12727,0
20102,0
27185,0
1330,0
9009,1
11640,0
6516,0
29359,0
19475,0
27903,1
21186,0
4408,1
9631,0
15561,0
31794,0
7920,0
31136,0
25700,0
16400,0
31399,0
21636,0
27610,1
30043,0
6162,0
26182,0
2935,0
17087,0
24110,1
31718,0
25987,0
29038,0
31696,0
25651,1
14412,0
17657,1
4464,1
24059,0
8348,0
30373,0
12090,1
5733,1
11192,1
18795,0
70,0
12253,0
5314,0
3917,0
29871,0
1258,0
311,0
26937,0
8713,1
21311,0
5582,0
31670,0
4687,0
16436,1
32041,0
14941,0
16742,0
28895,0
13417,0
6772,0
30566,1
9404,0
20546,1
32187,0
3121,0
31598,0
22074,1
12649,1
20244,0
14658,0
3211,0
9954,0
2168,0
23076,0
1397,0
22992,0
32015,0
15301,0
6154,0
3921,0
18289,1
31761,0
21208,0
2987,0
16729,0
11837,0
10770,1
32511,0
31205,1
11496,1
3978,0
24053,0
31564,1
29976,0
18485,0
26255,0
21835,1
13468,0
30598,0
13806,0
1026,0
17868,0
21529,0
18803,0
15840,1
22270,0
30204,1
9300,1
5450,0
11487,0
23673,0
27369,0
24057,0
1204,1
11592,0
11990,0
11313,1
31551,0
30294,0
4512,0
24052,0
13524,0
18029,0
24779,0
11429,0
8108,0
19419,0
1608,0
2771,0
12302,0
2626,0
13074,0
633,0
16220,0
15799,1
19837,0
26715,0
26514,1
28560,0
6272,1
27686,0
7914,0
4932,1
8859,1
14258,0
24651,0
24577,0
29590,1
32122,0
14090,0
29142,0
8241,0
14550,0
28452,0
8167,0
1472,0
24340,0
2787,1
6494,0
2696,1
17344,0
1760,0
8833,0
14777,0
16495,0
16463,1
846,0
9804,0
18408,0
21928,1
32182,0
17519,0
3366,0
21433,0
29607,0
19097,0
429,0
13058,1
1417,0
13183,0
12,0
29395,0
10222,0
10132,1
31765,0
13504,1
23842,0
29187,0
648,0
25822,0
21852,0
14227,0
7275,0
19579,0
15656,0
27106,0
8791,0
29894,0
1603,0
1057,0
25058,1
23614,0
23971,0
24333,0
22312,0
25387,0
24828,0
6874,0
30140,0
11073,0
17477,1
19974,0
8974,0
14229,0
26209,1
21722,0
2972,0
4679,1
26894,0
32174,0
17342,0
23878,0
11309,0
29798,0
10772,1
5656,0
12686,0
10185,0
10180,0
16011,0
23280,1
27364,0
5458,1
27656,0
21171,0
22346,0
2535,0
10069,0
15065,1
25222,0
9742,0
18833,0
24191,0
5760,0
25928,0
29714,0
15761,1
23651,0
15871,0
27373,0
24199,0
31917,1
2233,0
20824,0
10001,0
29686,0
10370,1
23942,0
7325,1
31382,1
20429,0
18918,0
4417,0
10431,0
28253,0
23515,0
6212,0
10201,0
30225,0
10028,0
971,0
147,1
5095,0
18754,0
29908,0
16207,1
24960,0
20549,0
6757,0
23772,0
339,1
669,0
7068,0
19415,0
20357,1
10351,0
31984,0
9966,0
5441,0
15804,1
10855,1
2705,0
22944,1
24050,0
14014,0
32107,0
21018,0
3932,0
29796,0
22549,0
4120,0
28458,0
228,0
1840,0
29966,0
9724,0
3132,0
13760,0
29537,0
19083,1
11480,1
23013,0
29679,0
8704,0
14040,1
25832,0
14241,0
32334,0
3952,0
31341,1
28804,0
6122,0
21948,0
20375,0
5718,1
12780,1
16289,0
18736,0
7604,0
29846,1
8006,0
14531,0
18894,0
555,0
22215,0
15925,0
13476,0
15685,1
3031,1
22497,0
7698,0
29709,0
23814,0
16859,0
18355,1
4413,1
4622,0
4730,0
14418,0
21793,1
20943,0
32324,0
8206,0
9497,0
30081,0
20126,1
4845,0
27653,0
16995,0
32061,0
5789,0
9656,0
7011,0
19298,0
26673,1
23817,0
2822,0
12678,1
6096,0
16464,0
9791,0
14449,0
8844,0
7438,0
16645,0
21633,0
11219,0
21139,0
23844,1
16904,1
7157,0
8335,0
16758,0
1069,0
32529,0
27420,0
16678,1
14653,1
5879,0
5135,0
10759,1
6613,0
5392,0
3644,0
5524,0
14689,0
31229,0
18368,0
15667,1
6817,0
32373,0
18163,0
30475,1
14041,0
18005,0
24466,1
27115,0
25693,1
639,0
15754,0
14067,0
20659,0
1326,0
9173,0
20456,0
2155,0
17357,0
31458,0
23561,0
1233,0
20750,1
24860,1
25815,0
25537,0
13202,0
7349,0
18181,1
8520,0
983,0
2174,0
8404,0
1554,0
21381,1
26813,0
18290,0
31121,0
30405,0
14516,0
4430,0
15308,0
20698,0
32221,1
22949,1
32537,0
22157,1
666,0
14267,0
7584,1
9630,1
5292,0
15722,0
20306,0
12559,0
1568,0
19550,0
11185,0
7529,1
23332,0
26879,0
29752,1
17060,1
5814,0
8360,0
2245,0
15171,0
29092,0
31920,0
1673,0
11616,0
13875,0
27815,0
23004,0
10579,0
8139,0
14553,0
27724,1
5548,0
6577,0
5646,0
11889,0
19379,0
24789,1
2213,0
11694,0
9883,0
31527,0
2387,0
5546,1
25012,0
19044,0
5166,1
13500,0
25576,0
19143,1
5354,1
23875,0
27946,1
23626,0
8625,1
14891,0
5717,0
30972,1
19234,0
14871,0
6820,1
24099,1
12692,0
17922,0
25288,0
373,1
7277,0
30312,0
23006,0
25667,0
23940,0
11273,0
25127,0
31314,0
24208,0
23372,0
6354,0
19008,0
17719,1
4150,0
32386,0
1300,0
26786,0
18684,0
682,0
27737,0
5174,0
9382,0
423,0
1919,0
25901,0
18982,0
10692,0
21538,0
6062,1
14629,1
25831,0
19192,1
21841,0
881,0
28309,0
7326,0
432,0
27720,0
24820,0
7562,1
20727,0
5547,0
26938,0
29993,0
7532,0
32271,0
4667,0
30011,0
23600,0
29117,0
10186,0
29239,0
20444,0
23015,0
7408,0
18321,0
24777,1
17390,0
28950,0
4579,0
31708,0
11070,0
11001,1
14319,0
11940,1
7717,0
6454,0
19748,0
21085,0
18446,0
27700,1
9639,0
21241,1
4258,0
7879,0
23261,0
15777,0
27207,0
19702,0
29346,0
24685,1
3447,0
25236,0
3230,0
5903,0
21004,0
29780,1
7346,0
31981,0
18010,1
5607,1
19389,1
12020,0
20269,1
24752,0
12213,0
28951,0
13618,1
8133,0
12333,0
13385,0
2105,1
19467,0
29543,0
31406,0
17428,0
4457,0
32236,1
29063,0
27722,0
23390,1
13823,0
25946,0
9490,0
12982,0
9536,0
24176,0
21104,0
6550,1
29933,0
29569,0
3398,0
14502,0
30555,1
5926,0
16585,1
19686,0
12547,0
19838,0
15841,0
13455,1
22044,0
3509,0
8794,0
16116,1
20994,0
11984,0
27126,0
13869,0
11064,1
14347,0
27199,1
22144,0
31414,0
6168,0
30540,0
350,0
17090,0
32420,1
19769,1
20153,0
28592,0
31296,0
22483,0
6470,1
9583,0
17237,0
3272,1
5709,0
17125,0
2777,0
7318,0
3080,0
28582,0
22510,0
7426,1
22032,0
27038,0
31263,0
14907,0
14372,1
6308,0
28020,0
18622,0
1053,0
24436,1
28256,0
20162,0
24386,0
24539,1
8809,0
24425,0
28860,0
7077,0
21366,1
7810,0
6739,0
17858,0
29805,1
13067,0
20699,0
22019,0
29319,1
272,0
4174,0
27443,1
9302,0
11701,0
15512,0
13852,0
8475,1
23040,0
14455,0
31817,0
8325,1
4668,0
3399,0
17058,1
6584,0
6414,0
16236,0
16304,0
27554,1
8104,0
26099,1
28059,0
4097,0
19130,1
3333,0
11829,0
6511,0
28808,0
22509,0
26435,0
18606,1
19057,0
22850,0
27305,0
31810,0
14503,0
14371,0
22443,0
8752,1
31151,1
25463,0
13977,1
29046,1
11822,1
3161,0
6972,0
10066,0
16828,0
24897,1
7211,0
9995,0
2106,1
1139,0
18628,0
2866,0
20593,0
30537,0
12355,1
26449,0
2810,0
20106,0
10112,0
31207,0
4188,0
12473,0
8202,0
8479,1
23001,0
14476,0
14574,0
14061,1
14782,1
28595,0
15968,0
7481,1
22110,0
15697,1
11195,0
13282,0
21029,0
12082,1
7013,0
24383,1
6601,0
11704,0
13723,0
13604,0
2975,0
31403,0
24392,0
12666,0
21854,0
19981,0
27068,0
13409,0
2319,0
15650,0
18521,1
31863,0
10107,0
891,0
21054,0
25681,0
19600,1
16154,0
2183,0
15735,0
22080,0
26226,0
29014,0
27248,0
26815,0
4400,0
21597,0
13309,1
31916,1
25378,1
22310,1
5298,0
29050,0
22824,0
12192,0
5929,1
14857,1
7815,0
9524,0
12591,1
8628,1
29741,1
17720,0
27567,0
8585,0
4163,0
21897,0
9736,1
6563,0
16714,0
27526,0
6490,0
32038,0
18496,0
18460,0
18149,0
6376,1
18692,0
13953,0
10071,0
25208,0
1328,0
26159,0
7041,0
31681,0
7647,1
31741,0
31643,1
32530,1
8454,1
799,0
4196,1
5468,0
97,0
17368,0
21998,1
14821,0
31730,0
13208,0
20243,0
28684,1
2066,0
8111,0
11412,1
26328,0
29334,0
964,0
22104,0
25492,0
20833,0
10221,0
16919,0
745,0
17949,1
19051,0
2637,0
24778,0
19365,0
18117,0
19842,1
9040,0
21937,1
22819,1
30558,0
12694,0
13101,0
2800,0
13804,0
12389,0
3696,1
18175,1
17873,0
6060,1
10516,0
29945,0
19852,0
19619,0
12842,0
6456,0
6589,0
15382,0
8541,0
9078,0
15489,1
7724,1
31922,0
5940,0
29093,0
20304,0
641,0
16944,0
27643,0
2475,1
9186,0
4162,0
21082,0
25184,0
1007,0
9471,1
28631,1
6019,0
20485,0
2515,0
15064,0
14316,0
11204,0
13562,0
26508,0
12677,0
26916,0
20145,0
220,0
7233,0
12776,0
29062,1
2879,1
10914,0
13558,0
25232,0
6816,0
29456,0
29247,0
2691,0
11825,1
8529,0
29173,0
5801,0
18217,0
9848,0
25861,0
22448,1
6732,0
10206,1
14738,0
16073,0
23304,1
11788,0
7123,0
3117,0
10017,0
9151,0
18205,0
10804,1
8215,0
195,0
23915,0
31698,1
18852,0
4309,0
14200,0
28431,0
6227,0
30710,1
10116,1
325,0
20841,0
6411,0
32387,0
25407,1
7586,0
12312,1
13520,0
32261,0
17283,0
30808,0
19603,0
15939,0
19868,0
15861,0
21112,0
14591,0
580,0
21409,0
20215,0
31575,1
24678,0
16192,0
22452,1
8071,1
26100,1
16203,0
20180,0
468,1
5669,0
24067,1
6751,1
18641,1
14092,0
3075,0
11252,1
20015,0
31531,0
19466,0
24819,0
31376,0
28062,0
18364,0
15281,0
11745,0
7527,0
2703,0
8211,0
736,0
1388,1
18346,0
871,1
15554,0
15985,1
26172,0
22803,0
12105,0
7083,1
18006,0
27395,0
24306,0
9035,0
11765,0
4767,0
3708,0
23735,1
31628,0
202,1
8630,0
1512,0
642,0
29045,1
1672,0
13904,1
12247,0
9606,0
17133,1
11577,0
13434,0
13351,0
6543,0
19609,0
10295,0
16838,0
9141,0
29169,0
12626,0
9093,0
3144,0
12899,1
27774,0
3010,0
13629,0
6805,0
21298,0
18071,0
29235,0
15302,0
19105,0
17900,0
18914,0
4193,0
24496,0
20777,1
12737,1
31768,0
7218,0
14248,0
28058,0
23568,1
10079,0
23554,1
7216,0
10449,0
8451,0
29577,0
8191,0
13976,0
27683,1
13531,1
3559,1
27539,0
20571,0
11767,0
11972,0
7128,0
17945,0
8619,0
11968,0
966,1
31808,0
17787,0
27236,0
17141,0
21213,1
2920,0
24922,0
23358,0
19007,0
22164,0
24792,0
1148,0
30500,0
25517,0
11131,0
21037,0
21787,1
21101,1
7038,0
7433,1
10606,0
32448,0
29687,0
28568,0
21387,0
21445,0
14708,1
19977,1
28440,0
18931,0
4591,0
15167,1
19931,0
16344,0
12623,0
14366,1
31290,0
22119,0
25542,0
10310,0
5244,0
22297,0
21967,1
17575,1
28640,1
25550,0
21905,0
2069,0
15906,0
23671,0
4189,0
5245,0
30388,0
12798,0
23755,1
17808,1
12029,0
10497,0
8571,1
14705,0
1607,0
16984,0
22795,0
26153,0
9858,0
6249,0
15913,0
6105,0
15926,1
6965,0
26833,0
31265,1
7197,1
28292,1
27537,1
20164,0
16082,0
4141,1
12110,0
23294,0
26788,1
26454,0
26698,0
24044,0
7265,0
9226,0
23916,0
22003,0
10666,0
30228,0
11344,0
2824,0
23060,0
16953,0
17917,0
26554,1
16321,1
14020,0
14414,0
2963,1
28897,1
25342,0
31105,1
15226,0
17467,0
23831,0
20686,0
16926,0
31790,0
25955,0
12858,0
16316,0
23843,0
22286,0
24827,1
6695,0
30314,0
9255,0
31064,0
20915,1
4890,1
31385,0
10845,1
21692,0
4143,0
6685,0
9965,0
3428,0
9979,0
26036,0
25741,0
20303,0
29885,0
18153,0
13253,0
10102,0
12508,0
105,1
11587,1
7243,0
30093,1
8846,0
21702,0
1582,0
9684,0
12063,0
1585,1
11919,0
19761,1
15097,1
19879,0
5694,0
895,0
30624,1
13124,0
26434,0
6758,1
9663,0
6650,0
6178,0
18657,0
25976,0
15437,1
9329,1
14850,0
20253,0
22380,1
21197,1
5507,1
24440,0
30179,1
31532,0
18625,0
14388,0
3672,1
15172,0
25590,0
7811,0
22658,0
20105,0
8458,0
30458,0
15317,0
8496,1
4513,0
21178,0
22356,0
28487,0
8949,1
4999,1
26750,0
30424,0
22849,0
12167,0
31066,0
8582,1
4395,1
5351,0
8092,0
12523,0
20682,0
26167,1
23886,1
6672,0
17581,0
25514,1
12267,0
27765,0
2377,0
32457,0
23374,0
11407,0
19529,0
21024,0
21055,0
3901,0
22651,0
7191,0
1015,0
1992,0
26939,0
19328,0
20461,0
21447,1
21155,0
25252,1
24727,0
10711,0
32342,0
24873,0
7861,0
29688,0
26476,1
14852,0
11270,0
29783,1
14664,0
15776,1
4146,1
10599,0
7852,1
24239,0
23726,0
27112,0
30467,0
1410,0
25585,0
8563,1
20366,1
14084,1
15393,0
4811,1
27412,1
24497,1
12575,0
11952,0
5122,0
19273,0
9853,0
24782,0
9819,0
20568,1
30171,0
21607,0
3854,1
12927,1
4755,0
21233,0
2909,0
28347,0
11110,0
24138,1
7048,0
16854,0
23559,0
4585,0
17129,0
29940,0
21762,0
1200,1
28466,0
28670,0
13525,0
20733,0
7042,0
24472,0
23174,1
13021,1
13394,1
13206,1
6715,0
6749,1
11398,1
3760,1
14792,0
13360,0
19699,1
16533,1
15081,0
738,1
16556,0
3323,0
18887,0
18140,1
6285,0
7960,0
13582,0
12134,0
27812,0
28021,0
16567,1
26184,0
7332,0
29585,1
7204,0
150,0
5176,0
7183,0
6028,1
31055,0
1002,0
14870,0
18861,1
28193,0
2235,0
12250,0
4902,0
4917,0
22517,1
27463,0
5425,0
17004,0
19779,0
22089,0
2135,0
30108,0
26251,0
27982,0
6640,0
27545,0
19182,1
27026,0
9778,0
16886,0
21129,0
6740,0
4563,0
16610,0
11709,0
1448,0
26998,0
28159,0
16537,1
26117,1
19986,0
17556,1
19911,1
12810,0
16872,1
7172,0
17760,1
23826,0
16351,0
31342,0
4392,1
1916,0
3720,1
29049,0
9679,1
30756,1
12446,0
6375,0
13404,1
4875,0
5781,0
2256,0
9719,1
8125,0
3182,0
20137,1
9218,0
23921,0
27214,1
13361,0
5224,1
28234,0
13090,0
27202,0
2520,0
8665,0
16044,0
32312,1
15666,0
6331,0
23462,0
27484,0
25239,0
4945,0
610,0
13691,0
21941,1
1778,0
15228,1
12262,0
9565,0
10499,1
9083,0
22290,1
4817,0
604,0
9868,0
4643,0
5261,0
20825,0
12769,0
27501,0
17309,0
10445,0
17752,0
28489,1
4744,0
22187,0
28863,0
29823,1
12544,0
27793,1
32063,0
21737,0
29986,0
27769,0
7944,0
9290,0
7786,0
26831,0
3643,0
12034,1
4980,0
29452,0
15611,0
15582,0
18564,1
27455,0
19417,0
19262,0
9450,1
29748,0
26931,1
5123,1
14944,1
5248,0
30529,1
11864,0
21821,0
22578,0
31539,1
32445,0
3941,0
9760,0
11659,0
12414,0
28829,0
20679,0
29881,0
297,0
455,0
2330,0
10591,0
14236,0
2857,0
1685,0
31588,0
28731,0
16180,1
879,0
20917,0
17167,0
21783,0
9745,0
1557,0
14370,0
20696,0
11296,0
11713,0
28460,0
6755,0
24480,0
5520,0
14602,0
9352,1
12412,0
15610,0
19697,1
13374,0
3083,0
14434,0
10781,0
8217,1
21512,0
31130,0
341,0
2976,0
16616,0
27142,1
15464,0
31509,1
20754,0
26125,1
14676,0
16230,0
19721,0
25801,0
13762,1
29896,0
8205,0
12147,1
8440,0
28947,1
95,0
5055,0
3645,0
10681,1
31448,0
30169,1
26656,1
32336,0
30046,0
28624,0
16122,0
25742,0
7366,0
8281,1
4586,0
2554,0
21724,1
19937,0
19804,0
4173,1
20057,0
8632,0
21591,1
12763,0
20532,0
19221,1
3401,1
11355,1
13153,0
1220,0
21107,0
8637,0
12850,0
10488,0
20512,0
27851,0
2334,1
22981,0
17774,1
8156,0
13345,0
408,0
3943,0
21477,1
15682,0
3605,0
20010,0
18269,0
8018,1
7636,0
25859,0
24283,0
25798,0
21333,0
19689,1
7190,0
8330,0
4618,0
3807,0
29961,0
9622,0
17348,0
1178,0
16361,1
1170,0
1573,1
19995,1
21856,0
1721,0
17123,0
725,0
14766,0
3062,0
21710,0
28806,0
14729,0
25712,0
31463,0
27805,0
7342,0
29934,0
11227,0
18429,1
12354,0
4022,0
12930,1
30494,0
20529,0
21845,0
8966,1
17420,0
15252,1
20076,0
30958,1
10127,0
30145,0
10933,1
15169,0
28890,0
31553,1
17567,0
10113,1
30218,0
22780,0
18187,0
2267,0
26448,1
32475,0
9823,0
8916,1
12875,0
4075,0
14697,0
20112,0
23048,1
9105,0
3620,1
30318,0
10493,1
9192,0
3484,0
1885,0
24888,1
18242,1
20974,1
13435,0
8989,0
30220,0
26249,0
11206,0
15900,1
16431,0
6926,0
8044,0
17941,1
26587,1
24493,0
27983,0
21878,0
9695,1
10783,0
21070,1
14540,0
5857,0
32394,0
11466,0
3718,1
11770,0
19109,0
31613,0
15018,0
29956,0
16640,0
29460,0
29203,0
6270,0
20527,0
2318,0
24516,0
21009,0
3380,0
17172,0
10367,0
30722,0
16754,0
3661,0
20018,1
9127,0
28247,0
26789,0
236,0
2930,0
586,1
3602,0
4064,0
6394,0
20849,0
2942,0
22428,1
26618,1
22353,0
21740,0
9757,0
808,0
1837,1
11697,0
18756,0
28114,1
24591,1
30772,0
18169,0
5213,0
19017,0
6404,0
1343,0
24843,0
10927,0
20354,1
16557,0
30819,0
16871,1
26822,0
6761,1
21247,0
4634,1
20607,0
15864,0
21595,1
26569,0
12290,0
20811,0
25160,0
11017,0
22120,0
25877,1
27242,0
15764,0
24184,0
3111,1
17759,0
8672,0
31449,0
31245,1
20238,1
29561,0
1226,0
18467,0
27196,1
2561,0
21745,0
13635,1
16020,1
17416,0
1779,0
17566,0
24101,0
28300,0
32295,0
6877,0
16228,0
91,0
5332,1
21523,0
11807,1
13415,1
28023,1
28447,0
9477,0
26933,0
30796,0
7146,0
16195,0
24859,1
28536,0
1483,0
16386,0
26103,1
31951,0
31037,0
7983,0
13205,0
14004,0
8492,0
22950,0
6033,1
763,0
10091,0
10426,1
25142,0
10068,0
15672,1
24816,0
3170,0
15850,0
10618,0
22890,0
18311,0
12537,0
13874,1
17643,0
4058,0
15867,0
370,1
30895,1
15816,0
4032,0
6495,0
18316,0
5110,0
8042,1
6501,0
29308,0
31915,0
27953,0
25477,0
7831,0
23405,0
23545,0
26968,1
20381,0
28410,0
6552,0
13611,0
2201,0
31191,0
21377,0
21640,1
17763,0
26388,0
14180,0
28558,0
17708,0
29263,1
20159,0
12024,0
7844,0
5025,0
26914,0
19773,1
7255,0
23504,0
24324,0
2832,1
10885,1
27298,0
14446,0
5238,0
24853,0
25864,0
25163,0
6914,0
11104,0
11615,0
16605,0
25005,0
1301,0
17748,0
5165,0
17490,0
21655,0
3756,1
8022,0
9810,0
13340,1
18377,0
27703,0
7701,1
246,0
4307,0
14463,1
9190,1
10381,1
15312,0
6477,0
19670,0
16445,0
32358,1
23086,1
30007,0
31964,0
20513,0
7889,1
13436,0
26662,0
3356,0
8494,0
17221,1
15942,0
8214,0
11687,0
26771,0
26677,0
15504,1
19899,0
251,0
1574,0
32396,0
3331,1
25865,1
28644,0
13876,1
18741,0
22027,0
17523,1
12359,0
27880,1
20290,0
26799,0
9608,0
21436,0
16621,0
18436,0
16466,0
32162,0
21455,0
1093,0
24766,0
18443,0
4434,1
8969,0
1552,0
1175,0
3882,1
6473,1
16502,1
31722,0
18193,1
30925,1
28475,1
24500,1
21772,0
10900,0
12321,0
9115,0
8032,0
2075,0
7164,0
18753,0
10986,0
20919,1
1933,0
31400,0
31437,0
4889,1
26123,0
12433,0
1936,0
1559,0
17072,0
16597,0
10501,0
1370,1
31547,0
10024,0
21675,0
27146,0
6629,0
31822,0
6305,0
13615,0
5013,0
14895,1
17156,1
29209,1
14634,1
21932,0
26207,0
392,0
29130,0
14911,0
29635,0
22229,0
30549,1
19826,0
16704,0
31209,0
31219,0
767,0
7737,1
19431,0
6458,0
26651,0
17018,0
3073,0
18789,0
26619,1
23729,0
20851,0
20516,0
31104,0
19108,0
30433,1
30330,1
10306,0
18483,0
257,0
24955,0
161,0
14830,0
6539,0
8797,0
17647,0
31939,0
8141,0
30685,0
23119,0
32548,0
24391,0
26779,1
18977,0
29404,1
7539,0
3642,1
12485,1
3105,0
2956,0
12918,0
29183,1
6172,0
4770,0
32151,1
2325,0
5780,0
26545,0
6131,0
10133,0
6348,1
29508,0
26591,0
2348,0
2412,0
8400,0
5939,0
17417,0
31464,0
14923,1
19256,0
25560,0
9871,0
31349,0
25215,0
6144,0
22833,1
30395,0
29279,0
16484,1
18189,1
4318,0
2389,0
21031,0
10861,0
24626,1
15042,0
15418,0
30541,1
30207,0
17137,0
25919,0
7328,0
29032,0
11860,0
20744,0
31374,0
6913,0
14560,0
13771,0
14432,0
3832,1
3508,0
19675,1
4081,0
3748,0
20600,1
1639,0
26764,0
20961,0
18232,0
17301,0
21121,0
18685,0
942,0
23581,0
29967,1
12908,0
1569,1
25848,1
3385,0
26596,0
14899,0
17997,0
21355,0
15332,0
6316,0
925,1
27988,0
8175,0
29318,1
21840,1
5252,0
15477,1
2946,0
16521,1
9857,1
11762,1
8795,0
26316,1
4098,0
663,1
25278,0
28744,0
25956,0
31710,0
5820,0
32503,0
10672,0
13449,0
22805,0
21643,0
14144,1
1117,0
30907,0
19369,1
30464,0
18495,0
5514,0
14327,1
23873,0
19074,0
17304,1
18398,0
6205,0
32472,0
18578,1
19990,0
20957,0
3705,0
16469,0
32456,0
29722,0
6854,0
14299,0
30234,0
5098,0
6321,0
27415,1
21502,0
21708,0
2187,0
18156,0
27276,1
4280,1
31020,1
3411,0
25559,0
31668,0
22650,0
3635,0
396,0
24062,1
21423,0
16489,0
18626,0
32103,0
13287,1
2627,0
17396,0
16368,0
15490,0
31728,0
12294,0
7039,0
10593,0
12123,1
7626,0
31658,0
24966,0
4840,0
25703,0
24965,0
17540,0
14942,0
29349,0
29403,0
29890,0
9722,0
12226,1
7962,0
21579,0
27174,0
8654,0
9967,0
29937,0
11086,1
15598,0
8394,0
4273,1
18395,0
21471,0
25599,0
32149,1
29201,0
28044,0
29991,1
17040,0
12764,1
11115,0
23032,0
12847,0
18125,0
7910,0
8329,1
17857,0
6040,0
13053,0
5884,1
17938,1
26260,0
3859,0
12394,0
31875,0
18988,0
19047,1
13971,0
3442,0
26611,0
22184,0
14568,1
15810,1
27343,1
415,0
6736,1
9298,0
5382,1
24417,0
182,0
6821,0
29280,0
3308,0
11440,1
29566,0
4303,0
21401,0
1739,0
30872,1
17476,0
11660,0
26121,0
13894,0
28716,0
23865,0
7446,0
22083,0
28914,0
11732,0
7939,0
13418,0
22869,0
21285,0
23093,0
27615,0
20412,1
1657,0
7631,1
21170,0
31235,0
30754,1
31405,1
7560,1
5379,1
22913,0
27318,0
864,0
29717,0
26369,1
8134,0
17576,0
4732,0
27082,0
6934,0
15025,0
22407,0
30822,1
30286,0
15181,0
1533,0
17201,0
6957,0
23474,0
11603,0
28975,1
12435,1
21457,0
9795,0
1629,0
14598,0
24863,1
8574,0
5986,0
15824,1
683,0
5254,0
24495,0
6356,1
2164,0
5278,0
21962,0
15386,0
31202,0
20121,0
12891,0
25875,1
1803,0
23279,1
15790,0
17487,0
13362,1
4088,0
4083,1
6988,0
5216,0
5543,0
14277,0
14252,0
2607,0
28270,1
22948,1
5671,0
29444,0
2615,0
1101,0
7675,0
1563,0
2249,0
20739,0
19766,0
13416,1
27163,0
11665,0
27543,0
17528,0
7713,0
20011,0
24104,0
31720,0
2323,0
7483,0
27252,0
30148,0
25244,1
11274,1
21472,1
2098,0
30670,0
18769,0
17175,0
9286,0
21494,0
13670,0
27046,0
16390,1
8243,1
8123,0
9939,0
23924,1
14544,0
3243,1
18751,0
14630,0
25992,0
31417,0
25494,0
28504,1
16430,0
3802,0
32142,0
8183,1
8341,0
17014,1
28228,0
12474,0
10907,0
7142,0
9788,1
19655,0
9747,0
638,0
31876,0
22543,0
22449,0
1171,0
31987,1
9492,0
23839,0
7308,1
30278,0
25381,0
24739,0
16409,0
6014,0
15887,0
23130,0
16652,0
1296,0
5227,0
2193,0
3434,0
7139,0
23245,0
28016,0
32217,0
15960,0
8066,1
23018,0
13087,0
30602,0
5088,0
1769,0
15363,0
2219,0
16527,0
21666,0
4419,0
11999,0
29591,1
23925,0
15461,0
1390,0
533,0
18656,0
5751,0
3212,1
11867,0
12401,0
19967,1
8858,0
23715,0
25277,0
13269,0
6953,0
2061,0
3588,1
31805,0
7873,0
25733,1
20640,0
13893,0
2892,0
19504,0
29598,0
24309,0
24839,0
20813,0
11730,0
30594,1
8898,1
5913,0
6949,1
29396,0
22830,1
29850,0
24286,0
3945,0
23897,0
12621,0
23206,0
31834,1
11302,1
17970,0
24300,0
10413,0
23207,0
24084,0
4010,0
31168,1
1966,1
12711,0
11214,0
104,0
29128,1
26849,0
24367,0
3927,0
8869,0
23394,1
27084,1
4264,0
10637,1
4014,0
24002,0
1099,0
20315,0
1616,0
6822,0
29107,1
4574,0
24608,1
17584,0
25173,0
26221,0
24113,0
6464,0
31555,0
13933,1
16336,0
3098,0
20268,0
7266,1
19497,1
3765,0
6302,0
14990,0
102,0
17516,0
32094,1
11845,0
21934,0
30048,0
2060,0
16241,0
8754,1
32226,1
31362,0
7179,0
30714,1
14404,0
25110,0
22851,0
28369,0
7267,1
18093,0
4791,0
26923,1
1159,0
12723,0
17035,0
29872,0
6069,0
22571,0
19384,0
22630,0
8140,0
16864,0
3110,0
11564,0
28229,0
30224,0
13677,1
31388,0
4857,0
20110,0
23536,0
24528,0
3060,0
20257,1
8616,0
6324,1
29694,1
5225,0
16923,0
10217,0
16835,0
25825,0
18345,0
11452,0
21083,1
9579,1
1786,0
20069,0
1602,1
5533,1
15015,0
28508,1
26432,0
12733,1
10012,0
31030,0
10733,0
20558,0
13207,1
2743,0
29789,0
6597,0
25788,0
8757,0
30539,0
12085,0
6756,0
15668,0
32095,1
32114,0
25155,0
25363,0
20411,1
6480,0
16424,0
26608,0
7175,1
4232,0
552,0
24731,0
1120,0
16460,0
21044,0
29111,0
16829,0
14797,0
26322,0
16773,0
32102,1
16270,0
29887,0
1546,0
11708,0
4479,0
21605,0
7327,0
21899,1
5243,0
10055,1
22398,0
16895,0
2202,0
19196,0
3730,0
22266,0
702,0
611,0
12693,0
11367,0
5035,0
11354,0
693,0
15770,1
5566,1
19713,0
1996,0
2873,0
14380,1
13579,1
11989,1
15127,0
1793,0
32469,0
4629,0
3371,1
29420,0
21575,0
32002,0
27352,0
32058,0
7377,0
19202,1
14072,0
26367,1
27618,1
16546,0
31108,0
21030,0
3963,0
5170,0
17463,0
4366,0
16966,1
19518,0
9496,0
10946,0
8283,0
24733,1
23960,1
11983,0
23381,0
6164,0
30144,0
4699,1
11146,0
3173,1
658,0
3126,0
25567,0
12068,0
27031,0
25026,0
15801,0
10486,1
29315,1
9772,0
18466,0
4043,0
24389,0
29048,1
5885,0
26273,0
13610,1
27577,0
29467,0
20993,1
14863,1
23278,1
1646,1
20233,0
18659,0
25081,1
12971,0
4317,0
12366,0
10670,0
1444,0
11607,0
32309,0
4952,0
15108,1
20034,0
18618,1
19042,1
4427,1
16397,0
18159,0
14062,1
24394,0
22086,1
28965,1
3822,0
2505,0
18281,0
17253,0
26599,0
27579,0
11631,0
1221,1
1587,0
22547,0
19348,0
18737,1
24227,0
12497,1
21679,0
12975,1
25521,0
29167,1
3019,0
8054,0
15993,0
23144,0
16168,1
22167,0
9032,0
31548,1
442,0
29637,0
2803,0
6928,0
854,1
23011,0
2008,1
29402,1
9761,0
1665,1
16042,0
31515,0
29216,0
30683,0
29612,1
27376,0
2507,0
17817,0
22553,1
23353,0
6314,1
32316,0
24464,1
9121,1
18814,0
12089,0
11025,0
28580,0
29603,1
7150,0
28732,0
4057,0
22249,1
14465,1
24699,1
9866,0
31909,0
10532,0
29310,0
28516,1
25508,1
23339,0
939,0
5848,1
27282,0
22200,0
1752,0
1787,1
11010,0
30379,0
6475,1
31462,0
21888,0
2141,0
18484,0
22606,0
23708,1
2272,1
10739,0
806,0
31079,0
9776,0
8137,1
29854,0
7294,1
14477,0
9111,0
2175,0
14247,0
23509,0
4681,1
19901,0
1264,0
19885,0
21753,1
5971,0
26080,0
14185,1
9299,0
13653,1
26447,0
25806,1
19647,1
20614,0
7390,1
21902,0
20555,0
26472,0
28146,1
3109,0
23951,0
24325,0
12291,0
14500,0
1435,1
29706,0
25437,0
25682,0
14713,0
31900,0
22788,0
8895,1
14382,0
31279,1
4205,0
4528,1
19349,0
5663,0
3314,0
8612,1
19211,0
26040,0
3302,0
21922,0
14466,0
28468,0
32544,0
29788,1
2672,1
1975,1
27181,0
3072,0
20400,1
6833,1
30672,0
6246,1
22429,0
13226,1
18207,0
17445,0
29916,0
8645,1
16785,1
3911,1
12968,0
28824,1
25720,0
11568,0
26784,0
19881,0
4673,1
4024,0
25343,0
31632,0
21460,0
31973,1
7542,0
13696,1
17480,0
28051,0
21003,1
24526,1
22308,1
22550,0
12120,1
2246,0
9271,1
20737,0
23563,0
5800,1
27191,1
9969,0
17027,1
13888,1
13451,0
24973,0
29283,0
8930,0
22067,0
27397,1
2713,0
5258,0
30255,0
1021,0
2818,0
20341,0
19780,1
5253,0
1682,1
25201,0
4940,1
26630,1
6241,0
21331,0
7739,0
7564,0
27287,1
23199,0
28221,1
233,0
16795,0
14551,0
19206,0
26731,0
7131,0
27402,0
6093,1
12397,0
3611,0
28032,0
30442,0
25766,1
27303,0
26994,0
2461,0
30360,0
12645,0
9767,0
9720,0
27919,1
22414,0
26499,0
10537,0
25841,0
7209,0
10005,0
15223,0
8749,0
26861,1
14621,1
14576,0
32292,0
25473,0
30828,0
15465,0
23652,0
28903,0
21752,0
6951,0
21149,0
6089,1
23128,0
14317,0
10269,0
14721,1
31031,0
31083,0
7627,0
32480,0
25739,0
21549,0
16624,0
11123,0
23693,0
20855,0
22275,0
9899,0
4909,0
15883,0
30970,0
32229,0
23069,1
19126,0
6730,0
22533,0
26279,0
7423,1
23557,0
1715,0
28510,1
29903,0
875,0
9150,0
27704,0
23591,0
25129,0
4002,0
28327,1
29387,0
19011,0
15917,0
5732,0
8736,0
6528,1
13943,0
20141,0
7403,0
7858,1
8948,0
8470,0
28162,1
30396,0
20053,1
18935,0
26884,1
14875,1
8499,0
585,1
921,0
27668,0
30564,0
4389,1
21805,1
10507,1
3874,0
10942,0
15305,0
24329,1
20687,0
29799,0
16338,0
3984,0
6245,0
11540,0
17935,0
355,0
3536,0
3903,0
19984,0
28389,0
16911,0
5898,0
14363,0
26059,0
22468,0
21393,1
2781,0
27998,0
12873,0
14794,0
13665,0
2288,0
5357,0
17565,0
8850,0
20261,0
29040,0
16056,0
2953,1
16878,0
9564,1
25588,1
4517,0
6693,0
2738,0
28050,1
9619,0
18910,1
20439,0
11246,0
31785,0
22970,0
7838,0
12540,0
4559,0
18417,0
28763,0
25869,0
15400,0
3810,0
16128,0
10909,0
31811,0
1658,0
30153,0
11139,0
29441,0
930,1
19014,0
6921,0
10601,1
5861,1
3372,0
5677,0
17489,0
24234,0
15711,1
23941,1
14293,0
22837,0
27225,0
941,0
6895,0
11789,0
12890,1
17442,0
28682,0
13809,0
5395,0
30667,0
6900,1
11589,0
20617,0
11264,0
26834,0
30435,0
6013,0
30826,0
15149,0
12415,1
11148,0
7686,0
13913,0
27386,0
9926,1
17968,0
19611,0
31563,1
2118,1
1162,0
26395,1
26003,0
14025,0
18317,0
25468,0
13545,1
18529,1
27959,1
8986,0
11132,0
9518,0
21461,1
10021,0
634,0
12589,0
30817,0
27485,0
3298,0
14137,0
16190,1
17422,0
24302,1
18958,0
21484,0
20325,0
5218,0
22745,0
5115,0
23081,0
28400,0
12096,0
28665,0
17705,1
21925,0
26732,0
27344,1
25227,1
12527,0
17204,0
19651,0
460,1
11363,0
8150,0
12679,0
12306,0
24305,0
15330,0
25500,0
28757,1
22135,0
23397,0
15249,0
21731,0
8030,0
6034,0
29400,1
23786,0
23217,0
8542,0
21554,0
885,0
7018,0
4570,0
10577,0
12967,0
28444,0
19338,0
27453,1
16900,0
6633,0
27707,0
13744,0
1485,1
11552,0
9703,0
8077,1
9163,0
11506,0
4285,1
22399,0
24363,1
14774,0
25711,0
29503,0
22666,1
13695,1
29211,1
2311,0
28875,1
692,0
13392,0
30803,0
21721,1
717,1
24797,0
10536,0
11391,0
6282,0
20072,0
24669,0
26469,0
1925,0
4863,1
27574,0
28695,1
15583,0
11297,0
29252,1
13170,1
12767,0
5743,1
4775,1
18537,0
3467,1
12057,0
11202,0
10982,0
28263,1
27390,1
18454,0
4769,0
23220,0
30065,1
5483,0
16057,0
26598,0
28817,0
12698,0
15501,0
6381,0
1531,0
13630,0
8318,0
5018,0
30968,1
17462,0
25912,0
2791,0
17272,0
10574,0
14141,1
26267,1
26015,1
967,0
15284,0
12026,0
27898,0
28658,1
15851,1
6186,0
14894,0
15374,0
25352,0
5108,0
12984,1
28385,0
12098,0
30177,0
29342,1
27520,0
31503,0
30205,1
1475,0
13916,0
25740,0
191,0
8271,0
7525,0
32111,0
29559,0
24519,1
22590,0
29180,1
1717,0
24804,0
11833,1
3396,0
475,0
22011,0
19326,0
34,1
22901,0
26095,0
31086,0
27803,0
18075,0
7566,0
19493,0
22315,0
23095,0
25531,1
32167,0
7034,0
7759,0
25949,0
330,0
20952,0
17444,1
22704,1
28608,0
15950,0
8802,0
27744,1
29025,0
919,1
16821,1
6254,0
4476,0
10671,0
31733,0
29139,0
21855,1
28777,0
6343,0
6673,0
1260,0
21563,1
2120,0
11958,1
4287,1
19851,0
6984,0
6554,0
958,0
21911,0
22880,0
11277,1
16347,1
26805,0
24803,0
9066,0
15914,0
2301,1
20981,1
8762,0
25125,0
31550,0
20061,0
8910,1
15535,1
10070,1
8731,0
19025,1
10887,0
20743,0
14762,0
1254,1
30979,0
19275,1
18176,1
30663,0
12142,0
18191,0
20209,0
28794,1
12676,1
12259,0
5886,1
29012,0
2748,0
13174,0
16265,0
27546,0
5633,0
2937,0
4278,0
20170,0
13103,0
5836,0
8444,0
3584,0
9846,0
29943,0
7971,0
6387,0
13381,1
822,1
4958,1
8225,0
17247,1
5180,1
23159,0
30194,0
28218,0
24465,0
4997,0
14557,0
2182,0
15665,1
20809,0
26259,1
8287,0
16403,0
22931,0
24698,1
10364,0
29777,1
13964,1
32319,0
26441,0
7690,0
2837,1
23104,1
32250,0
32129,0
31192,0
23422,0
3077,0
26288,1
25918,0
13307,0
20040,1
17947,0
20192,0
25498,1
22354,1
11627,0
14340,0
22326,1
25488,0
30507,0
25166,0
19857,0
4995,0
5758,0
26912,1
8227,1
9637,0
15343,0
39,0
15402,0
9413,0
16215,1
31583,0
28430,1
6646,1
32534,0
19252,0
31653,0
27608,0
1018,0
21612,0
2598,0
511,1
12438,0
18784,0
11198,0
22762,0
18743,0
30617,1
13926,0
10339,0
9991,0
27551,1
5856,1
13064,0
426,1
25581,0
1984,1
18649,0
27721,0
30678,0
6843,0
1393,1
11724,0
2023,0
5282,1
4172,0
16313,0
11026,0
12364,1
22048,0
7800,0
17869,0
11085,0
4255,0
26516,0
16661,0
6638,0
16141,1
6269,0
29670,0
7485,0
26109,1
7567,1
17305,0
10160,0
7159,1
8911,0
18927,0
2638,0
7490,0
28336,0
13826,0
27854,0
30080,0
12854,1
23436,0
20728,0
26406,0
7080,0
2273,0
6007,0
21803,0
2179,0
9199,1
8735,1
970,0
26203,0
14133,0
27183,0
29573,0
22182,1
8700,0
31693,0
16488,0
23519,0
28302,0
9789,1
10921,0
9812,1
20695,1
1868,0
16649,0
15601,0
6811,0
7246,1
28324,0
9162,0
10524,0
26408,1
7289,0
9580,0
28630,0
12357,0
20762,1
2732,0
7254,0
22985,1
23475,0
20935,0
26383,0
19756,1
522,1
18459,0
28507,0
27595,1
1591,0
14675,0
1383,0
15724,0
9050,1
24796,1
32233,1
23731,0
7059,1
17761,0
23840,1
3048,0
26218,0
21782,0
20066,0
19553,0
6160,0
8711,0
9327,0
6263,0
3146,0
23825,0
6922,0
11795,0
7909,0
18416,1
15102,0
16093,0
28206,0
21248,0
24390,0
1438,0
7045,0
25279,0
19743,0
6268,0
528,0
12594,1
19572,0
18978,0
352,0
27878,1
24928,0
5355,0
24379,0
17606,0
29360,0
8588,0
10023,0
17655,1
5695,0
28319,0
2298,0
10086,0
2483,0
31855,0
25382,0
16768,0
12282,0
29411,0
15416,0
21669,0
14589,0
28115,0
4764,0
25438,0
783,0
1537,1
30892,1
28368,1
5125,0
27102,1
6855,0
18969,0
23674,0
28318,0
23796,0
2814,0
3546,1
8250,0
19813,0
12373,0
3870,1
63,1
16196,1
13070,0
18764,0
20899,0
15448,1
1465,1
15992,1
8730,0
21617,0
12231,0
7170,0
22246,0
3089,0
17101,0
8324,0
13569,0
8892,0
3204,0
27726,0
4505,0
32275,0
10494,0
21535,0
29779,0
23822,0
15921,1
18298,0
5807,0
17865,0
16111,1
19325,1
9609,0
1288,1
27866,0
8866,0
9330,0
25759,0
19320,0
18382,1
10775,0
27418,0
16696,0
8944,0
11276,0
2315,0
24485,0
4410,0
14272,0
7860,0
23917,0
7236,0
5234,0
5012,1
30428,0
5452,0
28161,1
30236,1
21858,1
24418,1
2280,1
3499,1
5264,0
30300,0
28996,1
27083,1
26239,0
5954,0
16504,0
5563,1
6814,0
23041,0
8354,0
9880,0
30520,0
25528,0
29484,0
7540,1
5881,0
19324,1
2091,1
20204,0
22036,0
15569,0
12536,0
20182,0
9371,0
25878,0
9037,0
19207,0
23905,1
16712,0
15559,0
6123,0
23276,1
21475,0
29567,0
6786,0
2655,0
21627,1
17725,0
16084,0
8201,0
14172,0
12754,0
18851,0
4504,0
24802,0
29912,0
21680,0
23611,1
12261,0
12271,0
23266,1
561,0
3502,0
3636,0
30137,0
24613,0
26475,0
7380,0
31994,1
20622,0
14896,0
29824,1
15786,1
2954,1
18378,0
30870,0
10822,0
24868,1
11034,0
26824,1
12546,0
348,0
1271,0
7803,1
1515,1
25218,0
14427,0
31236,0
16635,0
15187,0
14387,0
13498,0
13702,0
9806,0
6101,0
1155,0
25209,0
11125,1
3402,0
20850,0
5010,0
15895,0
24148,0
28815,0
8186,0
25725,1
9738,1
640,1
30767,0
842,0
12832,0
2527,1
21621,0
21747,1
19227,0
11588,0
17135,1
20559,0
5128,0
21168,0
11307,1
25011,0
16106,0
12606,0
28337,1
10288,0
23142,0
17146,1
25629,1
14970,0
12338,1
24352,0
25940,1
12045,0
13275,0
7898,0
29626,0
13844,0
18026,0
28954,0
31413,0
31831,0
23026,0
9733,0
16225,0
1892,0
9134,0
3675,0
22829,0
14254,0
32406,1
12933,1
9479,0
19620,0
16213,0
27672,0
22280,0
11602,0
28137,0
25686,0
17022,0
31970,0
29797,1
7434,0
27806,0
2063,0
24675,0
12753,0
16787,0
15765,0
27753,1
1844,0
13992,0
10214,0
20970,1
1193,1
28095,0
7859,0
7274,0
10514,0
2173,0
8691,0
7742,0
24081,1
25787,1
8822,0
19171,0
32076,0
12746,1
6570,0
6185,0
30978,0
26359,0
9377,0
3604,0
12104,1
31496,0
15957,0
5631,0
12620,0
28581,0
2624,0
18110,0
24452,1
19306,0
18014,1
22796,0
3658,0
28527,0
5980,0
24904,1
14489,0
4731,0
28687,0
31250,0
12440,0
6545,0
9114,0
25634,0
18613,0
24741,0
13726,1
1805,0
21876,1
29324,0
30834,0
25324,0
2981,1
6920,1
1496,0
18150,1
27915,0
4537,0
29900,1
29439,0
19957,0
17093,0
20151,0
22669,0
2801,0
20047,1
3850,0
32145,0
15999,0
6819,0
30918,0
20,1
3735,0
28922,0
25293,0
26792,0
5350,0
18629,0
21045,1
11190,0
13116,0
32388,0
18956,0
15427,0
28427,0
3169,1
2122,1
8693,0
14263,1
6689,0
28492,1
3039,0
3595,1
10067,0
14693,0
3186,1
2745,0
27655,0
29862,1
24194,0
12827,0
22444,0
9019,1
10401,0
21884,0
13521,0
14745,0
7693,1
14301,1
28745,1
26023,0
2804,0
10176,1
3368,0
20755,0
23525,0
22486,0
5770,1
1788,1
794,0
9081,0
25462,1
20581,1
21533,0
25687,0
18870,0
29640,0
30376,0
11518,1
21198,0
27431,1
23213,0
376,1
4548,0
26537,0
4016,1
11303,0
11176,0
28791,0
30917,0
29059,0
21051,1
24701,0
31153,1
14585,0
29188,0
23469,0
8121,0
9521,0
16977,1
14957,0
13303,0
16717,0
17631,0
29269,0
4053,0
16577,0
22893,1
4714,0
13012,0
24788,0
28904,0
28724,1
16522,0
8422,0
13390,0
30004,0
28027,0
11016,0
21403,0
5731,0
6575,0
25338,0
908,0
22304,1
27037,0
24453,0
21000,0
9322,0
10163,0
7050,1
17841,1
25051,0
2198,0
18240,0
17151,0
26578,0
6885,0
22675,0
15076,0
10337,1
4814,0
7193,0
5935,0
29600,0
4239,0
21367,0
4488,0
27684,1
29457,1
2087,1
2410,0
26604,1
10076,0
7124,0
7060,0
29768,0
18053,0
9968,1
21351,1
12705,0
19959,0
32551,0
5730,0
2960,0
13481,0
25883,0
5855,0
23799,0
28476,1
29977,0
27435,0
23414,0
18452,0
5653,0
7365,0
7798,0
29331,0
28503,0
11792,0
16493,0
17816,0
16931,0
3683,0
31070,0
27582,0
12868,0
13458,1
10767,1
19717,1
628,0
26119,0
2848,0
20987,0
2836,0
25653,0
27237,1
13388,0
6161,0
2994,0
16969,0
28451,0
25186,0
12807,1
17870,0
11652,0
18790,0
26835,0
9770,0
411,1
24569,1
1973,1
10181,0
28754,0
1781,0
264,0
13474,0
130,0
31244,0
28259,0
17227,0
27766,0
25603,0
20206,0
21867,0
30908,0
32231,0
11490,0
5053,0
8408,1
23889,0
6222,0
487,0
20501,1
26397,0
9146,1
17530,1
32502,0
31522,0
8224,0
6705,1
26061,0
21206,0
2338,0
30012,0
6564,0
21345,1
21953,1
9627,0
31003,1
26922,0
18129,0
8375,0
1432,0
24756,1
6169,0
31119,0
23226,0
6455,0
2482,0
29837,0
19500,0
24326,0
22077,0
4642,0
4971,0
7855,0
32263,0
26230,0
26723,0
210,0
22671,1
6709,0
26785,1
20443,0
8245,1
21862,1
32244,0
14632,1
18442,0
13065,0
9311,0
21487,1
31127,0
14670,0
23655,0
6847,1
21417,1
15200,1
12249,0
25282,0
17944,0
13115,0
14537,0
16158,0
2864,1
14343,0
11420,0
9676,0
23837,0
16224,0
19116,0
2258,0
29366,0
2884,0
16987,0
4823,0
11463,1
11669,1
4955,1
21883,0
23501,1
12801,1
13868,0
31436,0
11380,0
7210,0
262,0
12840,0
10824,1
3918,0
11562,0
25123,0
12568,0
6653,0
1890,0
7897,0
29382,0
28104,0
12274,0
15952,1
32346,0
12605,0
17009,0
10629,0
31895,1
30884,1
31744,0
9599,0
26212,0
22916,0
30914,0
186,0
16034,0
11477,0
27731,0
5231,0
29220,1
13955,0
6328,0
74,0
27419,0
7625,0
1680,0
1362,0
16266,0
30860,1
11691,1
9660,1
620,1
12610,0
21992,0
25303,0
32096,0
12672,1
12552,1
1371,0
2131,0
16939,0
23233,0
31719,0
19238,0
12447,0
23805,1
21816,0
27087,0
5495,0
24585,0
9566,0
21313,0
11927,0
13722,0
14053,0
13950,0
13932,1
1408,1
26801,0
9167,0
3572,0
14070,0
29034,1
4465,0
24467,0
23460,1
1342,0
30001,0
25207,0
23701,1
31594,0
32485,0
4893,0
1954,0
24720,0
4033,0
4335,0
5397,1
22604,0
3651,0
1746,0
27943,0
30404,0
5977,1
15708,0
2955,1
21663,0
1655,1
19329,0
19946,1
4870,0
3150,1
9118,0
21798,0
18536,0
4448,0
16022,0
24814,1
26146,0
27198,1
15460,0
19582,0
6968,0
16962,1
18655,0
26344,0
9499,0
28733,1
8952,0
26600,0
10717,0
31372,0
25008,0
54,0
3483,1
16416,0
19685,0
26287,0
1209,0
21452,0
13548,0
9732,0
19567,0
9392,0
8433,0
17470,0
13251,0
21920,0
11932,1
5331,1
3363,1
11428,0
2308,0
28703,0
28434,1
28827,1
4471,0
7607,1
5378,1
16600,1
5674,0
30291,0
2555,0
15893,1
2833,1
8543,0
30337,1
25276,0
5457,0
11212,0
1859,0
226,0
24769,0
15997,0
10174,0
23787,0
8624,0
26361,0
21160,1
1399,1
4483,0
23214,0
28153,0
28126,0
12636,0
16846,0
8884,0
2480,0
23389,0
11024,0
3480,0
4442,1
19442,0
10530,1
6866,0
3124,0
14115,0
26245,1
15936,1
23168,1
16050,0
9372,0
2826,0
23806,0
30060,0
5762,1
27257,0
16998,0
13555,1
21517,0
20697,0
23238,1
2578,0
13973,0
20670,0
14534,0
8593,1
30960,0
30389,0
6070,0
13608,0
12461,0
5196,0
15852,0
22401,0
11414,0
17680,0
18834,0
20214,0
20440,0
7950,1
22804,0
25924,0
7979,0
23758,0
10875,0
6192,0
14613,0
2725,0
10746,1
9546,0
9125,0
13083,0
5134,0
3775,0
32344,0
14112,0
7668,0
13496,0
6675,1
6002,0
16955,0
20635,0
6747,0
30074,0
2147,0
19930,0
30130,0
24240,0
29504,0
4036,1
6940,0
9777,0
12158,0
19260,0
7932,0
1612,0
5896,1
13081,0
23036,0
19734,0
1249,1
29276,1
25032,1
16529,0
20255,0
2665,0
20757,0
19148,0
30460,0
1924,1
9140,0
30094,0
21040,0
18122,1
6541,0
27063,1
25997,0
7779,0
11612,0
5768,0
25615,0
9159,0
2890,0
25174,0
1771,0
12953,0
13286,0
20372,0
16267,0
31818,1
5900,1
8339,0
789,1
12809,0
9577,0
23699,1
9578,0
16688,0
28215,1
11377,1
26107,0
10075,0
3362,0
32478,0
12808,1
29897,0
23003,0
16483,0
5526,1
7401,1
31390,0
22756,1
1298,1
10758,1
20701,0
115,1
11862,0
3375,0
3451,1
11163,0
4170,0
21598,0
6424,1
28502,0
10082,0
20848,1
28123,0
18137,1
5753,0
16550,0
31446,0
30923,0
32034,0
8812,1
31009,1
3717,0
31843,1
23789,0
2919,0
8939,1
26781,0
1439,0
32147,0
5673,0
15310,1
15480,1
18358,1
30339,0
12511,1
13693,1
7435,0
29225,0
28636,0
12380,0
11216,1
8266,1
11717,0
17855,0
26189,0
9997,1
2993,0
20361,0
9251,0
793,0
7750,0
4357,0
25210,0
5863,0
8489,0
17355,0
30239,1
15134,1
83,0
21689,1
11247,0
17598,0
17061,0
7221,0
24635,1
9542,1
28587,0
21861,0
32274,1
12255,1
31544,1
27261,0
13223,0
3503,0
10943,0
4793,0
1908,0
11628,0
15474,0
23571,0
12604,0
24593,0
18265,0
25805,1
30305,0
11004,1
20884,1
26152,0
30805,1
21565,0
1696,1
21869,0
28275,1
31438,0
22740,0
29042,0
25618,0
2662,1
22928,1
6489,0
6945,0
29927,1
3242,1
28482,0
10246,0
4993,1
32069,0
31012,0
21342,0
18276,0
31659,0
12056,0
3804,0
19330,0
12734,0
6588,0
7053,0
15987,0
11610,0
6440,0
14674,0
11550,1
192,0
10187,0
25331,0
31014,0
29243,0
29496,0
1633,1
10209,0
21510,0
11137,0
2137,1
4588,1
7180,1
26796,0
4695,0
28621,0
15306,1
17632,0
3856,0
18690,0
14441,0
8138,0
5409,0
12377,0
1287,0
15605,0
16251,0
25509,1
18057,0
5182,0
2117,0
28224,0
14120,1
9087,0
22494,0
12515,0
22175,0
600,0
14289,1
15953,0
24407,0
32253,0
30033,0
23493,0
2711,0
24793,1
4837,0
24011,1
3695,0
30655,0
1379,0
3466,0
23583,0
24664,0
1545,0
32315,0
5874,0
3360,1
13337,1
4186,0
18650,0
20352,1
3488,0
19059,0
26676,1
22333,1
31927,0
6979,0
30763,1
26151,0
17784,1
13210,0
20342,0
26198,1
7407,0
19877,0
8517,0
26318,1
19698,0
19241,0
30532,0
12452,1
28550,0
26672,0
30618,0
32558,0
6170,0
28052,1
3614,0
17844,0
24483,1
32014,0
20950,0
19565,0
14922,1
25084,0
2998,0
14198,1
31019,0
3069,0
9233,0
8449,0
6568,0
14243,1
17302,0
485,0
8647,0
13987,0
26830,1
14877,0
6869,0
19588,0
12501,0
26235,0
21431,1
2571,0
13633,1
28689,1
28746,1
482,1
28802,1
31969,1
32430,0
18733,0
11326,1
602,1
4184,0
23572,0
9729,0
25652,0
27872,1
7538,1
26716,1
25371,0
5301,1
6415,0
8725,1
3032,0
17468,0
23180,0
24995,0
3549,0
10149,0
5805,0
30630,1
11320,0
18250,0
18573,0
8476,0
18665,0
19450,0
9855,0
28344,1
449,0
29272,0
32364,0
31518,1
22459,0
16352,1
14290,0
11106,1
4451,1
25130,0
20067,0
7405,0
11961,0
23489,0
21250,0
12421,0
2948,0
31128,0
5294,0
2283,0
26176,0
5960,0
13532,0
2460,1
10077,0
10765,1
10843,0
20831,0
16633,0
30244,1
30551,1
2876,0
28122,0
13845,0
17572,0
30528,0
11431,0
1567,1
19511,1
13460,0
17202,0
31408,1
8460,1
24925,0
28899,1
2668,0
17224,0
170,0
20116,1
6602,1
3222,0
19124,1
9275,0
10192,0
2001,0
19374,0
22202,0
31846,0
28099,0
5308,0
2656,0
29873,0
21041,0
23618,0
12773,0
9828,0
11799,0
8405,0
18046,0
11319,1
30955,0
30064,1
23598,0
7715,0
4787,0
21021,1
24989,0
4887,0
18621,0
26743,0
19621,1
9379,0
11510,1
30030,1
31825,0
21973,0
12928,0
20999,0
7639,1
21729,0
22418,0
17610,0
15616,0
6248,1
26936,0
3449,0
10646,0
10171,0
5212,0
28290,0
31607,0
31649,0
27530,0
29942,0
21693,0
22505,0
9560,0
8643,0
18597,1
4019,1
13341,0
7547,0
5,1
2379,0
28307,0
9230,0
12787,0
5968,1
4074,0
27846,0
30102,0
20413,0
576,0
2902,0
22367,0
6012,0
1749,0
21453,0
31034,0
10475,0
13191,0
31749,0
12346,0
27573,0
30744,0
4261,1
28240,0
25709,0
21360,0
24535,0
3246,0
768,1
12059,0
9281,0
31412,1
6930,0
17864,0
27070,0
30282,0
24823,0
31542,0
13513,0
15909,1
25507,0
17899,0
11850,0
13699,0
1920,1
10584,0
9689,1
29645,0
10003,0
9207,0
3699,0
25106,0
12803,0
28977,1
17943,1
2221,0
28735,0
6025,1
14837,0
6526,0
30661,1
27012,1
19152,0
7213,0
10519,1
27824,0
31179,0
10779,0
12966,0
4472,0
14814,0
4571,0
20680,0
4155,0
10742,0
13716,1
28056,0
6790,1
13668,0
16264,0
17092,0
26496,0
3015,0
31100,0
19523,1
30210,0
11443,0
16016,1
4991,0
32463,0
25872,1
5624,0
31043,0
23453,1
10522,0
3768,0
2496,0
8995,0
8734,1
13261,1
8882,0
28696,0
6095,0
22015,0
16908,1
22073,0
8975,1
2908,0
24723,0
15053,0
16749,0
28213,1
12762,0
1418,0
486,0
17069,1
13686,1
21124,0
26565,0
22441,0
4485,1
16541,0
31049,0
7645,0
15860,0
24754,0
25562,0
20118,0
27167,0
7371,0
9874,0
7970,0
21317,0
1133,0
23500,1
30113,0
6893,0
20062,0
10356,0
4047,0
27740,1
19764,0
31309,0
11516,0
19938,0
16568,0
12697,0
19584,1
18800,0
2375,0
24598,0
23075,0
6150,1
28593,0
29664,0
1891,0
13682,0
18503,0
12849,0
18822,0
820,0
24360,1
28864,0
18318,0
30142,0
16358,0
30481,0
16376,0
30329,0
24185,0
24508,0
22021,0
26,0
11810,1
245,0
22839,0
4326,0
23231,0
16849,0
30731,1
25691,0
22962,0
19,0
26951,0
29485,0
29354,1
31655,1
20130,0
8719,0
17089,0
21229,0
30401,0
30119,0
24654,0
27712,0
15808,1
28008,0
8356,0
10871,0
11423,0
1468,0
12752,1
21895,0
31595,0
23435,0
2007,1
21773,1
24439,0
28354,0
18359,0
32219,0
1427,0
32161,1
23808,0
10512,0
17399,0
3824,1
22792,1
18230,0
4029,0
19167,0
12664,0
29326,1
12237,0
4046,1
21467,0
4084,0
909,1
9216,1
27267,0
7694,1
13751,0
7964,0
19464,1
1177,0
29653,1
651,0
24988,0
902,0
9017,0
1042,0
10755,1
20326,1
4477,0
25212,0
10379,0
12205,0
20522,0
29832,0
32223,0
33,0
5102,0
17936,0
28521,0
13166,0
3153,0
13623,0
29015,1
5217,0
10801,0
5815,1
18028,0
18705,0
27939,0
2809,0
30316,1
31044,0
12039,0
14119,0
22188,0
24071,0
31772,1
26012,1
24491,0
24426,0
31826,0
19575,0
16410,0
10649,0
28364,1
18757,0
18569,0
1378,1
11060,1
20639,0
14893,0
10324,1
22366,0
17008,0
1553,1
16210,1
20299,1
31865,0
26191,0
5644,0
15260,0
3563,0
3252,1
29237,0
7234,0
6923,0
14816,0
9001,0
26197,0
8990,0
25894,0
27010,0
478,1
11692,0
19712,0
23135,0
8292,0
26246,0
6127,0
27408,1
15350,0
2657,0
17535,0
10939,0
10248,0
31864,0
23488,1
9065,1
25066,0
24742,1
18593,0
242,0
11425,1
22062,0
16894,0
18553,0
20934,0
24096,0
5005,1
13628,1
1535,0
8564,1
9237,0
27447,0
7471,1
11231,0
3833,0
20101,0
16747,0
12713,0
13408,0
31897,0
31512,0
7729,0
8130,0
9063,0
9205,1
1403,0
26689,0
15030,0
26713,0
4149,0
27347,1
201,0
16074,1
24582,1
29985,0
10372,1
10761,0
29563,0
15829,0
21537,0
21989,0
1938,0
15316,0
12973,1
24024,0
30735,1
14960,1
27541,1
15439,0
26551,0
20095,0
31099,0
8744,0
3950,0
32519,1
13317,0
16516,1
14925,1
18592,1
17318,1
20448,0
5364,1
9062,0
17321,0
23325,0
31159,1
13391,0
36,0
5772,0
31801,1
32416,0
3634,0
13914,0
17174,1
14546,1
31042,0
14865,0
9947,0
8870,0
19413,0
25556,0
31418,0
1358,1
29750,1
28157,0
12257,0
6193,0
10967,0
18718,0
21980,0
8034,1
16259,0
30743,0
11052,0
16622,0
10620,0
6888,0
20340,0
1009,0
30456,0
869,0
27480,1
10792,0
7300,1
22747,0
31394,1
13437,0
18667,0
19921,0
17925,0
9341,0
27108,0
14314,0
9384,0
28719,0
9916,0
7700,0
3583,0
11155,0
14731,0
23273,0
7707,0
28853,0
590,0
6380,1
20277,0
4180,1
15828,0
9185,0
9381,0
6884,0
31530,0
4978,0
12078,0
14454,1
7017,1
17659,1
27942,0
4404,0
25148,0
30489,0
15911,0
12428,1
16053,0
2421,0
570,0
2030,0
9664,0
11569,0
28961,0
6836,1
20270,0
9998,0
26722,0
27532,1
9022,1
27148,1
3835,0
8674,0
12735,0
20093,0
16805,0
23031,1
32028,0
25689,0
1218,1
14765,0
24140,0
2420,0
9559,0
24684,1
21038,0
31592,0
29292,1
26309,0
18849,0
21789,0
12256,1
4119,1
21195,0
22929,0
13605,1
25436,0
11689,0
6151,0
7851,0
16323,0
13896,0
22609,0
30450,0
7015,0
19210,0
19770,0
20562,1
30784,0
15624,1
30198,0
6647,0
31992,0
19586,0
17839,0
4063,0
26192,1
17105,0
12330,0
8362,0
10294,0
25743,1
23484,1
12284,0
5776,1
18693,0
8849,0
26603,0
20471,0
1652,0
31996,0
5998,0
8306,0
7804,0
18259,0
4275,1
22934,0
17617,1
25896,0
4300,0
11406,1
18123,0
12326,0
13110,0
31940,0
22291,0
11657,0
10255,1
6259,0
10019,0
17623,0
8556,0
30021,0
28634,0
1848,0
20690,0
5759,0
31206,0
22760,1
11236,1
6912,1
16051,0
944,0
11614,0
14517,0
18196,1
1488,1
27650,0
7382,0
4782,0
3369,0
25625,0
8014,0
949,1
20498,1
16343,0
4274,0
943,0
30097,1
1731,1
21089,0
20085,0
24163,0
440,0
2829,0
27468,0
28097,0
22508,1
260,0
23105,0
4813,0
15152,0
25406,0
1775,0
30544,1
1977,0
32040,0
15007,0
29132,0
1272,0
28340,1
9972,1
9849,0
12400,0
18371,0
12403,0
30831,0
30862,0
26944,1
22683,0
28071,0
25385,1
11753,1
