,pred
24799,1
12841,0
5726,1
18119,1
32189,1
15619,0
28825,1
19871,1
26873,1
29808,1
30022,1
797,0
3738,1
8820,1
18901,0
17652,0
17981,0
15955,1
9886,0
13480,0
29581,0
11495,0
20803,1
31270,1
19951,0
30483,1
1703,1
12759,0
31626,1
17525,1
31167,1
5988,1
20425,0
26270,0
5446,0
14326,0
7967,1
20446,1
9614,0
14892,0
20870,1
9700,0
23356,0
21194,0
9266,1
5312,1
22319,0
19004,0
18878,1
13113,1
10653,0
5330,1
16857,0
17790,1
27713,0
11009,0
23297,0
9117,0
25392,1
13260,0
10457,1
21513,0
28136,1
1384,1
13488,0
11880,0
14033,0
27565,0
30771,0
21398,0
22648,1
3913,0
26443,1
17586,0
32259,1
14310,1
24351,1
7171,1
15067,0
31841,1
23442,0
11158,1
26371,1
2593,1
9339,1
7373,1
20313,1
22716,1
28169,1
17767,1
32046,1
15466,0
8147,1
17210,0
12796,1
2934,1
19923,0
23419,1
16108,0
32131,0
3860,1
26943,1
20166,1
3777,1
5375,1
5276,1
2376,0
26147,0
20802,1
32097,0
6609,0
19596,1
13680,0
23553,1
30587,0
28785,1
13055,0
15642,1
32337,0
4070,0
22947,1
10366,0
22799,0
30734,0
4402,1
11941,0
21652,0
1675,0
22594,1
4771,0
9102,0
31246,0
27357,1
24004,0
12280,1
11794,0
14259,0
17561,1
5583,0
7466,1
5608,1
9194,1
10410,0
24978,0
5892,0
16418,0
2853,0
30129,1
31682,0
14647,1
25182,1
10350,0
25827,0
19742,1
1564,1
24740,0
15635,1
26298,0
461,1
7458,0
14416,1
20473,0
21799,1
28886,0
21820,0
3949,0
16065,1
24567,1
5319,1
10814,1
27023,1
21118,1
3135,1
1510,1
1080,1
19954,0
27523,0
31457,0
18608,0
30642,1
8240,0
7733,0
23624,1
32047,0
22784,0
27066,1
24729,1
9120,1
14897,0
3448,0
4651,1
22702,0
28708,0
2402,1
13794,0
25908,0
16719,0
2941,0
7009,1
7592,1
14734,1
11118,1
22360,1
19787,0
28079,0
8570,0
26793,0
162,1
770,1
2468,1
14586,1
29738,0
25978,1
20368,1
28189,1
7467,1
12164,1
17957,0
5208,0
16858,0
17205,0
15335,1
2390,0
5790,1
2425,0
2928,1
4405,0
26887,1
15628,1
933,0
13295,0
7057,0
5045,0
8355,0
25339,0
15636,1
7653,1
23115,0
10923,0
31821,1
20265,1
30402,0
14619,0
10309,0
10682,1
26052,1
19849,0
26534,0
8005,0
4267,0
7469,1
29051,0
22235,1
5589,1
3942,0
28022,0
9809,0
8432,1
9930,1
30351,0
3408,0
3571,0
8326,0
25888,1
10029,0
3906,0
4454,1
21524,0
27717,0
9436,1
18325,0
12043,1
3280,0
21637,1
14776,0
14927,1
1800,0
21043,0
18750,0
9412,1
2297,1
12301,0
31322,1
8149,1
12788,0
2611,1
9585,1
17257,1
2537,0
23931,0
26286,0
22595,0
16548,0
10318,1
9189,0
16607,1
5909,1
12115,0
11820,0
14486,1
31281,0
19359,1
12929,1
11739,1
24294,0
28653,0
4623,0
17658,0
21661,0
23659,1
22252,0
19482,1
6741,0
26018,0
18619,1
6634,0
15475,1
15983,1
18139,0
14178,1
26205,0
4508,1
16790,1
24410,0
23643,1
3955,1
29375,1
27819,0
8274,1
2025,1
20715,1
13881,1
2185,1
20552,1
16907,1
11109,0
27354,1
1875,1
29507,1
20266,0
1331,0
27818,1
25722,1
12983,0
22471,1
22375,0
12534,0
28949,1
7027,1
19554,0
14488,0
9571,0
1958,1
27780,0
14006,0
2472,1
1374,0
17217,1
32179,1
26114,1
9505,1
5034,1
13439,0
15837,0
17988,0
25467,0
3003,1
1648,1
21566,0
12962,0
15345,1
32486,0
9669,1
20708,0
17621,1
11910,1
22672,0
23575,0
6994,1
29131,0
29865,1
15485,0
10349,1
9781,0
13891,0
3462,1
11165,0
978,0
28982,1
32471,0
3626,0
17242,0
14344,0
23388,1
25545,1
20643,0
24498,0
26935,0
14274,0
10667,0
20321,1
20638,0
16642,0
28195,0
3524,1
24223,0
5141,0
30865,0
29085,0
5942,1
13419,1
3865,1
18637,1
23362,0
14383,0
11726,0
1411,0
1355,1
4656,1
13511,0
20718,1
4597,1
25476,0
6769,0
26375,1
5672,1
19598,1
8275,0
22514,1
16086,1
24504,0
11144,0
6399,0
32144,1
6993,1
4545,0
10660,0
16060,0
3359,0
8008,1
21400,1
13279,1
25501,1
14440,0
7814,1
12016,1
21600,0
8374,0
13257,0
8442,1
9489,1
16901,0
27125,1
29275,1
972,1
175,0
13740,0
4068,0
3601,1
14773,0
20262,0
18908,1
6342,1
27281,1
23368,0
29531,1
12146,0
579,0
23476,0
31233,1
10330,0
18489,1
30092,1
8136,1
14838,0
23697,0
5570,0
1169,0
25059,0
6493,1
22050,0
10931,0
27522,1
27312,1
1305,0
12502,0
913,0
27708,1
19258,0
21700,0
29949,1
3249,1
16896,1
31257,1
7251,0
28554,1
2986,1
25490,1
3862,1
28645,0
32048,1
12577,1
12910,1
18596,0
23189,1
3251,0
6986,0
26278,1
15529,1
12027,0
25749,1
23035,1
8622,0
19187,1
3688,0
16025,1
20678,0
2121,0
5131,0
6165,0
11400,0
27459,1
28891,1
7998,0
10729,0
22307,1
30619,0
5257,1
26774,1
10533,0
10743,1
27382,1
29886,1
8493,0
14580,1
15201,1
27909,0
18034,1
3460,0
22313,0
1944,0
15744,0
30230,0
2133,0
24207,1
22545,1
28697,1
26564,0
6952,0
18457,0
24634,1
9818,0
1303,1
24260,0
11147,0
10580,1
28612,0
31590,1
23302,0
14625,1
27451,1
801,0
16164,0
21991,0
10947,0
9529,0
30319,0
3279,1
548,1
26129,0
10836,1
4276,1
8235,1
25014,0
9363,1
13188,0
27323,1
29294,0
14913,0
10697,1
20426,0
30947,0
7968,0
14761,0
23292,0
21361,1
12719,0
32405,0
10268,0
13133,0
29087,1
16058,1
10595,0
15881,1
31215,0
3392,1
3915,1
14839,1
8885,1
17662,0
20478,0
1583,0
26901,1
8709,1
3977,0
9838,0
9309,1
181,0
27848,1
30266,0
25925,1
1610,1
10864,0
23355,1
6176,0
10281,1
13572,0
25360,1
31110,1
2585,1
25504,1
7202,1
11336,0
31185,1
2563,0
27015,0
8155,1
17592,1
6396,1
12086,1
23118,0
18891,0
18680,1
12177,0
31713,1
29743,0
30836,1
19028,0
11515,0
22575,1
3383,0
22374,1
5704,1
2031,1
26665,1
1980,1
14253,0
8481,0
23506,1
22588,1
29792,0
19617,0
3046,1
27592,1
18791,1
25489,1
23421,0
2464,1
8818,1
31203,0
26746,1
18787,0
21459,0
18772,1
16834,1
1913,0
14075,0
10087,0
11059,0
28924,1
19034,1
23608,1
24432,1
13865,0
25985,0
29361,1
12839,0
8093,0
18439,0
17557,0
24540,1
5684,1
1572,0
6849,0
2501,0
13137,0
4432,0
16252,0
1320,1
17155,1
14843,1
17959,0
26090,1
5385,0
16198,1
20476,1
17319,0
28132,1
28134,1
21870,0
8702,1
6443,1
19249,0
24920,0
2992,1
31993,1
29861,0
27993,0
188,0
10208,1
8544,1
22292,1
16951,1
18946,1
15811,0
10062,0
19396,0
8119,0
9762,0
19654,1
28397,0
27184,0
3784,1
2419,1
15807,0
4031,1
20300,1
1048,0
29515,1
26513,1
27981,0
25224,0
14357,0
20314,1
23967,0
488,1
31208,0
19920,1
3478,1
9800,1
29234,0
32435,0
3592,0
22757,1
300,0
20127,1
6294,0
20776,0
25948,1
18888,1
647,0
32027,0
14398,1
14168,1
26623,0
20450,1
15145,0
8038,1
26533,0
28832,0
2613,0
5515,1
2166,0
15743,0
5097,0
13905,0
22831,0
15734,0
10955,1
7457,0
18594,1
15113,0
23101,0
25482,1
22268,1
5783,0
18507,0
17429,0
5151,1
616,0
29760,0
11193,1
20971,0
5625,1
23286,0
19988,0
4291,1
22136,1
15646,1
26961,0
21755,0
7548,0
32120,1
8288,0
27315,1
2867,0
27680,1
12680,0
28483,0
21410,1
2878,0
22100,1
25617,1
8291,1
28282,1
13849,0
15530,0
8340,0
21435,0
21189,1
1529,0
8469,1
28872,0
26955,1
416,0
22438,0
26776,1
32479,1
7576,1
31293,1
8372,1
15802,1
11359,1
8418,1
15574,1
7642,1
29427,0
27627,0
20904,0
8419,0
9908,0
16348,1
26115,1
24446,1
4725,0
31419,1
14515,0
32465,1
4959,1
23415,0
18954,1
25062,0
10213,0
3670,1
7978,0
10422,0
6512,0
9097,0
15929,0
13045,0
8073,1
15154,1
21635,0
25370,1
14638,0
27335,1
18706,1
27101,0
4424,0
17820,0
16444,0
27533,1
15716,1
23544,0
23285,0
15311,0
14408,1
30779,1
23301,1
4630,1
20392,1
10882,0
19479,1
25675,0
9726,0
11945,0
19165,1
5491,0
28199,0
26357,0
7956,0
25420,0
17250,0
21069,1
30078,1
64,0
597,1
16353,1
23240,0
17995,1
9240,0
25674,1
26778,1
28407,0
2159,0
13093,0
28349,1
32473,0
29347,1
6726,1
9961,0
3928,1
15153,0
11814,1
23502,1
10850,0
22145,1
26952,1
27510,1
27550,1
2923,0
23935,0
10747,1
20276,0
18182,1
32018,1
3477,0
7817,0
31429,1
27814,1
19677,1
13614,0
12520,0
27847,0
31565,1
3068,1
1452,0
27956,1
10151,0
8629,0
30746,0
1456,1
12675,0
13514,0
30512,0
24171,0
3641,1
3071,0
29712,0
23140,0
30812,1
17633,1
27278,0
6660,1
24135,1
1074,1
21007,1
1359,0
1341,1
16930,1
12706,0
28328,0
16667,0
18697,0
739,0
2543,1
13710,0
26763,1
6008,0
20488,0
19155,0
23899,1
20780,0
6046,0
9704,1
32532,0
204,0
2214,0
22256,0
10031,1
13483,0
31892,0
31753,0
8420,0
8262,0
3192,0
22020,1
11120,1
17034,0
29204,0
2825,1
976,0
15178,1
19543,0
16788,1
20812,1
9181,1
21903,0
22037,0
17178,1
4911,0
21726,0
5255,0
31115,0
4376,1
16187,0
23885,1
23698,0
23409,0
27899,1
1991,0
17118,1
30629,0
2542,0
11259,0
1595,0
10145,0
28543,1
24704,0
7541,1
17193,0
12477,1
2764,1
4093,1
27228,0
10975,1
28258,0
10276,0
25937,0
24683,1
24785,1
4230,1
6351,1
27017,0
15592,0
5132,0
10505,1
17809,0
32093,1
1897,1
26816,0
30802,0
18605,0
15622,0
6252,0
12551,1
26011,1
15002,1
13931,1
17738,0
12021,1
12170,1
6310,0
30501,1
2943,0
28382,0
15457,0
10745,1
25602,0
6523,0
23252,1
4899,0
342,1
4777,0
20070,1
21536,0
8860,0
30962,0
20064,1
26081,0
22245,1
32302,1
22912,1
30101,0
26504,0
1072,0
29010,0
32079,0
5522,0
7307,1
28454,1
20834,0
24388,1
4450,0
3263,0
9672,0
25596,1
24956,1
8756,1
14710,1
28176,1
368,1
12028,0
26782,0
8056,1
19013,0
11075,0
18936,1
13870,1
29320,1
3704,1
17053,1
20043,0
8550,1
19806,0
27052,0
8268,1
5795,0
23740,1
24079,0
11430,1
19056,0
10544,0
23049,0
31051,0
15774,0
22190,1
16943,1
10890,1
4786,1
29502,0
12596,1
2360,0
5262,1
4015,1
13380,1
28544,0
28425,0
19069,0
26491,0
199,1
14711,0
8924,0
32184,1
8061,0
6681,1
13370,1
25565,0
30717,0
1356,1
2281,1
23392,1
8041,1
26161,1
30111,0
11529,1
23901,0
18252,0
16396,1
1735,1
9516,1
9573,1
28386,0
8303,1
8671,1
1051,1
4447,1
11036,0
23760,0
465,1
24912,0
26498,1
9003,0
1289,0
7282,0
14783,0
2326,0
18098,0
20816,1
12214,1
16956,1
13075,1
2094,1
27366,0
2257,0
21654,0
7937,0
6138,1
10838,1
16766,0
21667,1
2773,1
29265,0
15274,1
26709,1
29388,0
29338,1
27616,0
26860,0
2780,0
8967,1
20479,0
4805,1
10539,0
2767,0
22895,1
20653,0
21286,1
13556,0
17391,0
11249,0
7731,1
16815,0
1076,1
2409,1
5214,1
24258,0
15016,1
17583,1
15163,1
21649,0
16197,1
26682,1
5210,1
28893,1
6607,1
1203,0
22177,1
13145,0
1847,1
13220,1
20991,0
4549,0
22462,0
24574,1
24468,0
4349,0
26101,0
30346,1
32133,0
8218,1
3958,1
21293,0
25085,0
31559,0
16068,1
32143,0
4582,0
196,1
27118,0
241,1
31146,0
5198,1
22674,1
25721,1
24580,0
9708,0
15943,1
23696,0
19783,1
29172,1
1541,0
23354,0
4468,1
28237,0
3771,0
23811,0
12422,1
31529,1
28963,1
15899,1
3293,0
55,0
17940,0
21328,0
3914,1
14098,1
7410,0
4269,1
19831,0
15003,1
9839,0
29231,1
22584,0
17698,1
16706,0
26711,1
18043,0
23183,0
18644,1
32297,1
7773,0
1901,1
5389,0
7185,1
4328,0
6521,1
29494,1
31724,0
18746,0
8417,0
30830,1
3235,0
1066,0
4367,0
3310,1
1110,0
18100,1
20702,0
9514,0
31261,0
32543,1
22415,1
23222,0
23324,1
7955,0
18515,0
24702,0
27325,1
18215,1
9224,1
13658,1
8023,1
6360,1
3338,1
8959,0
6999,1
24107,1
25118,1
17278,0
20293,0
2394,1
31787,0
15058,0
32368,0
7368,0
32419,0
965,1
28131,1
18640,0
19380,0
21658,0
11160,0
26459,0
1821,0
16722,0
22343,0
3939,0
1462,1
30516,1
19626,0
8994,0
24531,0
14282,1
30849,0
8717,1
7238,1
784,1
4362,1
21739,1
28216,0
19381,0
20949,0
22761,0
14336,1
1722,1
24166,0
22660,1
14956,1
27064,1
26652,0
11871,0
3316,1
27733,0
31123,1
13827,0
10656,1
20331,0
24143,1
29907,0
32010,1
19087,1
4206,0
12358,0
20676,1
9261,0
16615,1
20009,0
25274,1
19197,1
716,0
12318,0
6426,1
7506,1
20923,0
31910,0
11472,0
17512,1
13198,0
20463,0
334,0
23750,0
20804,0
18689,1
6873,1
11392,0
32272,0
13834,0
37,1
27065,1
2441,0
31351,0
15613,1
28101,1
28768,0
14442,0
11145,0
6766,1
18092,0
30798,0
20967,1
23761,0
25219,0
26856,0
12103,1
974,0
29511,1
8992,0
3237,0
2440,0
21749,1
2510,1
31597,0
23063,0
27008,0
4456,1
15084,0
22325,0
22920,0
6898,1
1106,1
13482,1
20434,1
11215,1
309,0
24469,0
30374,0
10393,1
19386,0
14475,1
22528,1
15365,0
25317,1
17867,1
12639,1
3570,0
31848,1
6787,1
22622,0
10078,0
32090,1
13122,1
29057,0
11194,1
5925,0
2022,0
31243,1
9462,0
28980,0
8592,0
7896,0
7816,0
678,0
22285,1
27246,0
17665,1
2332,0
28750,1
11548,1
15980,1
13450,1
26266,0
11523,0
18258,0
572,1
149,0
18218,0
10094,0
7516,0
10399,0
9657,0
22564,1
32518,1
30633,1
30613,0
31918,1
21181,1
17176,1
26497,0
10345,0
11223,1
7492,1
1098,0
24551,0
23148,1
2896,1
27694,1
27051,0
427,1
11720,0
31142,0
25006,0
21,1
30688,0
8707,1
26917,1
15984,0
14747,0
16628,0
23085,0
5831,0
26980,0
19669,1
20746,0
2426,0
28183,0
9143,0
25597,0
14873,0
4322,0
30493,1
14318,0
19368,0
13095,1
11907,0
29321,0
22276,0
24080,0
19491,1
4215,0
22046,0
27789,0
19560,0
14261,0
1743,1
17619,0
14744,0
2788,1
25403,0
19111,1
10510,1
16823,1
8742,0
11436,0
18498,1
13887,0
12451,1
23691,0
7981,0
32487,0
24129,1
13289,1
11459,0
16841,0
9340,0
3565,0
30406,1
19807,1
24,1
24362,0
20567,1
2660,1
30742,0
22385,0
14819,1
30268,1
22194,0
23528,1
21244,1
2729,1
11418,1
340,0
30984,1
4888,0
3820,0
9358,1
18514,1
23829,0
19301,1
5041,1
17554,0
32242,0
8733,0
19741,0
24713,1
2103,1
1742,0
22882,0
9374,1
29659,0
17120,0
9398,0
17702,1
30921,1
13273,1
8808,0
10898,0
9425,0
22228,0
18422,1
14886,0
31767,0
15981,1
9915,0
18154,0
2621,1
10866,0
17717,1
17261,0
1089,1
11682,1
20359,1
14835,1
7337,0
13356,0
18241,1
27507,1
30067,0
23975,1
7304,1
14763,0
8722,1
29112,0
10572,1
11522,0
25811,1
1561,1
12211,0
26850,0
20805,1
27494,1
21058,0
28638,1
10484,1
5124,0
7147,0
31586,1
17252,1
30786,0
13672,0
16426,0
29424,0
30503,0
31504,1
15114,1
11168,0
2580,0
31381,1
4874,1
28865,0
32313,0
20023,1
13984,0
5040,1
27934,0
17960,0
23524,1
19110,1
3348,1
986,1
10757,0
16370,1
10984,1
2255,1
32399,1
25677,0
4584,0
28380,0
19679,1
21141,1
30682,0
21443,1
17897,1
32539,0
2982,1
10125,1
11526,1
23704,1
31880,1
193,0
20926,1
9459,0
7916,1
7748,0
29710,0
26420,0
13298,0
2172,1
9351,0
4079,1
24109,0
9347,1
21986,0
668,0
26268,0
15135,0
22773,1
31561,1
20334,1
8045,1
9643,0
22635,1
22213,1
22511,0
12790,1
10000,1
18902,0
26531,1
12182,0
12855,0
31930,0
30592,0
26372,1
27024,0
9257,0
11847,0
2125,1
27801,1
31116,1
14667,0
2072,1
4377,0
25164,1
9942,1
5812,0
26902,1
29668,1
17216,1
13315,0
16599,1
10705,1
23143,1
6036,1
31411,1
27749,0
9525,1
20740,1
15035,1
23406,1
18493,1
7465,1
7411,1
31189,0
21088,1
14759,1
31396,0
629,0
21796,1
7100,0
31899,1
8001,1
10541,0
1466,0
7272,1
5923,1
32325,1
9109,0
32467,0
17307,1
27831,0
2200,1
30315,0
23364,1
31327,1
12466,1
14155,0
20604,0
21369,1
26583,1
31608,0
7669,0
28376,1
13814,0
18981,0
15351,0
14460,0
32190,1
29992,0
4918,0
1022,0
21324,1
24315,1
32083,0
7768,0
2004,0
24614,1
12424,1
6444,1
7646,1
31731,1
15645,0
5530,0
545,0
20959,1
12230,0
20547,1
479,1
16745,1
20669,1
4653,1
23466,1
19897,0
7118,1
11341,0
307,1
15327,1
8135,0
31766,0
574,1
608,0
30347,1
8189,0
11797,0
19283,1
8980,1
6125,0
23310,1
30975,1
16406,0
23053,0
14160,1
30341,1
19026,0
16373,0
23949,0
12781,0
20984,1
19212,0
1275,1
4439,1
221,0
20239,1
26407,1
22427,0
22605,0
1045,1
13510,0
23071,1
14696,0
15000,1
11124,1
24807,0
24833,0
11006,1
2382,0
21540,1
4692,1
27295,1
24197,0
23879,0
6983,1
13966,1
16219,0
24092,1
4056,0
10706,1
11964,1
8350,0
29287,1
16940,0
9470,1
24624,1
5137,0
11766,1
13032,1
18340,0
10325,1
10219,0
21283,1
15184,1
15204,0
29519,1
31642,1
21049,1
10859,1
7599,0
32235,1
27597,0
8569,1
31809,0
31096,1
1392,0
12191,1
28771,0
31241,1
15630,0
24074,0
7188,1
24947,0
9892,0
15232,0
22451,1
11394,0
19890,0
21709,1
25431,0
14379,0
8296,1
1047,1
30274,1
21779,0
4773,1
25258,1
4605,1
9783,0
26602,0
23574,1
26615,1
2199,1
7982,1
22759,0
26687,1
9842,1
26355,1
5388,1
30417,1
29226,1
8938,1
28078,0
1239,0
14781,1
7572,1
23648,0
31299,0
31425,0
31058,1
10298,0
20003,0
10762,1
7782,1
9416,0
10308,1
22087,0
6774,0
15176,0
2947,1
30013,0
32205,1
20717,1
11481,0
28553,1
20845,0
20050,1
25631,0
24764,1
24334,0
2996,1
28840,0
11609,1
15436,1
13780,0
12405,0
27614,1
27255,0
25580,0
3925,0
4541,0
18121,1
32433,1
6148,1
23785,0
32108,1
4602,1
6813,1
19583,1
8467,0
10386,0
17043,1
31184,1
11314,1
20343,0
13143,1
29663,1
29541,1
8919,1
7787,1
11401,0
20844,0
12300,1
20918,0
26231,1
8636,1
8907,1
9172,0
12239,0
11465,0
4202,1
21664,0
29843,0
6386,0
5711,1
2586,0
29124,1
2449,0
21831,1
12084,1
27245,0
14722,1
25857,1
4950,1
15661,0
24251,0
15315,0
7222,1
29509,0
32392,1
14244,0
28629,0
17518,1
4437,1
4026,1
22437,1
14702,0
7823,1
4358,0
4961,1
19566,0
18500,1
23172,0
18184,0
14320,1
17306,1
20962,0
24216,0
14716,0
21263,1
14746,0
11637,1
26010,0
27413,0
4716,1
28775,0
15923,0
26145,1
23798,0
31877,1
17801,1
15542,1
2327,1
21988,1
14982,1
8246,0
28442,0
14163,0
29246,1
29181,0
9921,1
23803,1
23078,0
12331,0
20181,1
18249,0
22688,1
18283,1
21972,0
16342,1
3971,1
21446,0
4214,0
3663,0
11702,1
9312,0
5316,1
8253,1
25395,1
16909,1
5993,0
28081,1
27079,1
4161,0
20759,0
4077,0
11020,1
31283,1
222,0
15264,0
8346,0
31443,1
23103,0
21561,0
30052,1
22867,1
23227,0
28579,0
8958,0
31905,0
16794,1
20395,0
4506,1
23646,1
10053,0
19828,1
25098,0
28345,1
7391,0
18468,1
25802,1
8617,1
26973,0
14992,0
1820,0
26234,1
17885,1
14392,1
4970,0
16698,0
3907,1
11069,0
12264,0
17684,1
30201,1
13533,0
16149,1
4259,1
20225,1
7797,1
25019,1
5404,1
3521,0
4045,0
16443,1
22746,0
26381,0
26269,1
30989,1
6506,0
18967,0
12609,1
4611,0
31154,1
18111,0
731,0
17359,1
20360,1
29081,0
13000,0
4733,1
19833,0
20007,0
20524,1
22737,1
21275,0
11491,0
1325,1
11826,1
6345,0
6092,0
21681,1
26862,0
30762,0
3278,1
22378,0
20131,0
1145,1
3143,0
3772,0
30269,0
20623,0
4648,1
29036,1
9822,0
335,0
14111,0
9856,0
7710,1
29242,1
21892,1
16133,0
28642,0
12647,1
16412,1
28625,0
2945,1
26162,1
2430,0
17546,0
13745,0
17164,1
23857,1
13151,0
23136,0
10695,1
32307,0
23888,0
31807,1
4380,1
9730,0
20060,0
30638,1
7199,0
21371,1
3516,1
19335,1
7616,1
14969,0
16842,1
29599,0
32425,1
29608,1
22617,1
12708,0
7189,0
12532,1
4690,0
32517,0
18314,0
27673,0
16614,0
31965,1
28493,0
27964,0
20966,0
4065,0
1116,1
15410,0
1143,1
26177,0
29745,0
28184,0
6553,1
28182,0
28752,0
16130,0
20692,1
25555,1
4009,0
14958,0
14359,1
10500,1
25608,0
6132,1
24971,1
6600,1
19508,0
31611,1
448,0
11143,1
10622,0
1716,1
25060,1
27473,0
13747,1
24670,1
8120,0
3888,1
12853,1
21818,0
31926,1
1310,1
3056,1
17903,1
11875,0
23890,1
25506,1
9595,0
18966,1
27929,1
4794,0
18929,1
10357,0
2300,0
23577,0
31204,1
13017,0
32100,0
9433,1
18623,0
9306,0
6737,1
7975,0
27622,1
21158,0
20155,0
22221,0
27527,0
30184,0
25383,0
1754,1
3116,0
4466,0
23426,1
6267,0
28546,1
25262,0
3162,1
28839,0
3188,0
12060,1
17197,1
5445,1
3468,1
32072,0
2423,1
28541,1
4885,0
13144,0
19973,1
27059,0
20091,1
22284,0
8504,0
2237,0
17678,0
8114,0
2269,0
10093,1
5623,0
22516,0
5670,1
4344,0
13211,1
14199,0
12316,0
22165,1
26455,0
27580,1
7585,0
24384,1
26250,0
2417,1
11764,0
945,1
6677,1
8182,0
15890,0
2536,1
1115,1
27602,0
21405,0
22293,1
16559,0
26571,0
8657,1
1476,0
20518,0
22085,0
2212,0
26730,1
3163,1
29013,1
16499,1
24285,0
21090,0
9625,1
28661,0
14349,0
17254,1
4101,1
19747,1
11747,0
31367,0
380,0
16405,1
21748,0
9187,0
7271,0
16761,1
30620,1
31683,1
25020,1
7012,1
1146,1
30780,1
22889,0
27040,1
17503,1
13878,1
10578,0
22902,1
30842,1
3990,0
4301,1
6378,0
31882,0
514,0
22979,1
24714,1
12597,1
15584,0
10777,1
8228,1
24866,0
4133,1
24354,0
4686,1
19914,1
29997,0
11111,0
7153,0
13335,1
26910,0
10504,0
25899,1
9957,1
20636,1
24589,1
86,0
8204,1
12101,1
16512,1
29074,0
20794,0
9015,0
22883,1
13909,0
4147,0
4361,1
22143,1
11987,0
31143,1
1503,1
17063,1
32491,1
20031,1
29526,0
18273,0
22391,1
18884,1
6810,1
4525,0
14393,0
17393,0
11047,0
25649,1
7784,0
28080,0
10218,1
29632,0
18915,1
8106,0
12186,1
15538,0
12044,0
20451,0
12727,0
20102,0
27185,1
1330,1
9009,1
11640,1
6516,0
29359,0
19475,1
27903,0
21186,1
4408,0
9631,0
15561,1
31794,1
7920,0
31136,1
25700,0
16400,0
31399,1
21636,1
27610,0
30043,1
6162,0
26182,1
2935,0
17087,0
24110,0
31718,0
25987,0
29038,1
31696,0
25651,1
14412,0
17657,1
4464,0
24059,0
8348,0
30373,1
12090,0
5733,1
11192,0
18795,1
70,1
12253,0
5314,1
3917,1
29871,1
1258,1
311,1
26937,1
8713,1
21311,0
5582,1
31670,0
4687,1
16436,0
32041,0
14941,0
16742,1
28895,0
13417,1
6772,1
30566,1
9404,1
20546,1
32187,0
3121,1
31598,0
22074,0
12649,0
20244,0
14658,1
3211,1
9954,0
2168,1
23076,1
1397,1
22992,0
32015,1
15301,0
6154,0
3921,1
18289,1
31761,0
21208,0
2987,1
16729,1
11837,0
10770,0
32511,1
31205,1
11496,0
3978,0
24053,1
31564,1
29976,1
18485,0
26255,1
21835,0
13468,0
30598,1
13806,1
1026,1
17868,1
21529,0
18803,0
15840,0
22270,0
30204,0
9300,0
5450,1
11487,1
23673,0
27369,0
24057,1
1204,0
11592,0
11990,0
11313,0
31551,0
30294,0
4512,0
24052,0
13524,1
18029,1
24779,0
11429,1
8108,1
19419,1
1608,0
2771,1
12302,1
2626,0
13074,0
633,0
16220,0
15799,1
19837,1
26715,1
26514,0
28560,1
6272,0
27686,0
7914,1
4932,1
8859,0
14258,0
24651,0
24577,0
29590,0
32122,0
14090,0
29142,0
8241,0
14550,1
28452,0
8167,1
1472,1
24340,1
2787,1
6494,0
2696,0
17344,0
1760,0
8833,0
14777,1
16495,1
16463,0
846,0
9804,1
18408,0
21928,0
32182,0
17519,0
3366,1
21433,1
29607,0
19097,0
429,0
13058,0
1417,0
13183,0
12,0
29395,1
10222,0
10132,0
31765,1
13504,1
23842,0
29187,0
648,0
25822,0
21852,0
14227,1
7275,1
19579,0
15656,0
27106,0
8791,0
29894,1
1603,0
1057,0
25058,0
23614,1
23971,1
24333,0
22312,0
25387,1
24828,1
6874,1
30140,1
11073,1
17477,0
19974,1
8974,0
14229,0
26209,0
21722,1
2972,0
4679,0
26894,0
32174,0
17342,1
23878,0
11309,1
29798,0
10772,0
5656,1
12686,0
10185,1
10180,0
16011,1
23280,0
27364,0
5458,1
27656,0
21171,1
22346,0
2535,1
10069,1
15065,0
25222,1
9742,1
18833,0
24191,0
5760,0
25928,0
29714,1
15761,1
23651,1
15871,1
27373,0
24199,0
31917,1
2233,0
20824,0
10001,0
29686,1
10370,1
23942,1
7325,0
31382,0
20429,0
18918,0
4417,0
10431,0
28253,1
23515,1
6212,1
10201,0
30225,0
10028,0
971,0
147,0
5095,0
18754,0
29908,0
16207,0
24960,1
20549,0
6757,0
23772,0
339,0
669,0
7068,1
19415,1
20357,0
10351,1
31984,0
9966,1
5441,1
15804,1
10855,1
2705,1
22944,1
24050,1
14014,0
32107,1
21018,0
3932,1
29796,1
22549,0
4120,1
28458,0
228,1
1840,1
29966,1
9724,1
3132,1
13760,1
29537,0
19083,1
11480,1
23013,0
29679,0
8704,0
14040,0
25832,1
14241,1
32334,1
3952,1
31341,0
28804,1
6122,1
21948,1
20375,1
5718,0
12780,1
16289,1
18736,0
7604,1
29846,0
8006,0
14531,1
18894,0
555,1
22215,0
15925,1
13476,1
15685,0
3031,0
22497,0
7698,1
29709,1
23814,0
16859,1
18355,0
4413,0
4622,1
4730,0
14418,0
21793,1
20943,0
32324,0
8206,1
9497,1
30081,1
20126,1
4845,0
27653,1
16995,1
32061,0
5789,1
9656,1
7011,0
19298,0
26673,0
23817,0
2822,1
12678,1
6096,1
16464,0
9791,0
14449,1
8844,0
7438,0
16645,0
21633,0
11219,0
21139,0
23844,1
16904,1
7157,1
8335,0
16758,0
1069,0
32529,0
27420,0
16678,1
14653,1
5879,1
5135,1
10759,0
6613,1
5392,0
3644,0
5524,0
14689,1
31229,0
18368,1
15667,0
6817,0
32373,1
18163,1
30475,1
14041,1
18005,1
24466,1
27115,0
25693,0
639,1
15754,0
14067,1
20659,0
1326,0
9173,0
20456,1
2155,0
17357,0
31458,1
23561,0
1233,1
20750,0
24860,0
25815,0
25537,1
13202,0
7349,1
18181,0
8520,1
983,1
2174,0
8404,1
1554,0
21381,1
26813,0
18290,1
31121,1
30405,0
14516,0
4430,0
15308,1
20698,0
32221,0
22949,1
32537,0
22157,1
666,1
14267,0
7584,1
9630,1
5292,1
15722,1
20306,0
12559,0
1568,1
19550,0
11185,0
7529,1
23332,1
26879,0
29752,0
17060,0
5814,1
8360,0
2245,0
15171,0
29092,1
31920,0
1673,1
11616,1
13875,0
27815,0
23004,0
10579,0
8139,1
14553,0
27724,0
5548,1
6577,0
5646,1
11889,1
19379,0
24789,1
2213,0
11694,1
9883,1
31527,1
2387,1
5546,0
25012,1
19044,1
5166,0
13500,0
25576,0
19143,0
5354,0
23875,1
27946,0
23626,1
8625,1
14891,0
5717,0
30972,0
19234,1
14871,0
6820,1
24099,1
12692,0
17922,0
25288,1
373,0
7277,0
30312,0
23006,1
25667,0
23940,1
11273,0
25127,0
31314,0
24208,0
23372,1
6354,0
19008,1
17719,0
4150,1
32386,1
1300,0
26786,0
18684,0
682,1
27737,0
5174,1
9382,0
423,1
1919,0
25901,0
18982,1
10692,0
21538,1
6062,0
14629,1
25831,1
19192,0
21841,1
881,0
28309,0
7326,0
432,0
27720,0
24820,1
7562,0
20727,0
5547,0
26938,0
29993,0
7532,0
32271,0
4667,1
30011,0
23600,1
29117,1
10186,0
29239,1
20444,1
23015,0
7408,0
18321,0
24777,1
17390,0
28950,0
4579,0
31708,0
11070,1
11001,1
14319,0
11940,1
7717,1
6454,1
19748,1
21085,0
18446,1
27700,0
9639,0
21241,0
4258,1
7879,0
23261,1
15777,1
27207,0
19702,0
29346,0
24685,0
3447,1
25236,0
3230,1
5903,0
21004,1
29780,1
7346,0
31981,1
18010,0
5607,0
19389,1
12020,1
20269,0
24752,1
12213,1
28951,1
13618,1
8133,1
12333,0
13385,1
2105,0
19467,1
29543,0
31406,1
17428,0
4457,0
32236,1
29063,0
27722,1
23390,1
13823,1
25946,0
9490,0
12982,1
9536,0
24176,0
21104,1
6550,1
29933,0
29569,1
3398,1
14502,1
30555,0
5926,0
16585,1
19686,1
12547,1
19838,1
15841,0
13455,1
22044,0
3509,1
8794,1
16116,0
20994,1
11984,1
27126,1
13869,0
11064,0
14347,1
27199,1
22144,1
31414,1
6168,1
30540,1
350,1
17090,0
32420,0
19769,1
20153,1
28592,1
31296,0
22483,1
6470,0
9583,0
17237,1
3272,0
5709,0
17125,1
2777,1
7318,1
3080,0
28582,1
22510,0
7426,0
22032,1
27038,0
31263,0
14907,1
14372,1
6308,0
28020,1
18622,1
1053,1
24436,1
28256,1
20162,1
24386,0
24539,1
8809,1
24425,1
28860,0
7077,0
21366,1
7810,0
6739,1
17858,0
29805,0
13067,1
20699,1
22019,1
29319,0
272,0
4174,0
27443,1
9302,0
11701,1
15512,0
13852,0
8475,0
23040,0
14455,0
31817,1
8325,0
4668,0
3399,0
17058,1
6584,0
6414,0
16236,0
16304,1
27554,0
8104,1
26099,1
28059,0
4097,1
19130,0
3333,0
11829,0
6511,0
28808,0
22509,0
26435,1
18606,1
19057,0
22850,1
27305,1
31810,0
14503,0
14371,0
22443,1
8752,0
31151,0
25463,1
13977,1
29046,1
11822,0
3161,1
6972,1
10066,1
16828,1
24897,1
7211,1
9995,1
2106,1
1139,0
18628,0
2866,1
20593,1
30537,0
12355,1
26449,1
2810,0
20106,0
10112,0
31207,0
4188,0
12473,1
8202,1
8479,0
23001,1
14476,1
14574,1
14061,1
14782,1
28595,0
15968,0
7481,1
22110,1
15697,1
11195,1
13282,1
21029,0
12082,0
7013,1
24383,1
6601,0
11704,1
13723,0
13604,0
2975,0
31403,1
24392,0
12666,1
21854,0
19981,1
27068,0
13409,0
2319,0
15650,0
18521,0
31863,1
10107,1
891,1
21054,0
25681,1
19600,1
16154,1
2183,1
15735,1
22080,0
26226,0
29014,0
27248,1
26815,1
4400,0
21597,0
13309,1
31916,0
25378,0
22310,0
5298,0
29050,1
22824,1
12192,1
5929,0
14857,0
7815,1
9524,1
12591,0
8628,0
29741,1
17720,1
27567,0
8585,1
4163,1
21897,1
9736,1
6563,1
16714,1
27526,1
6490,0
32038,1
18496,1
18460,1
18149,0
6376,1
18692,1
13953,0
10071,1
25208,0
1328,1
26159,1
7041,0
31681,0
7647,0
31741,0
31643,0
32530,1
8454,1
799,1
4196,0
5468,1
97,1
17368,0
21998,0
14821,0
31730,1
13208,1
20243,1
28684,0
2066,1
8111,1
11412,0
26328,1
29334,1
964,1
22104,1
25492,0
20833,1
10221,0
16919,1
745,1
17949,1
19051,0
2637,0
24778,0
19365,1
18117,0
19842,0
9040,1
21937,1
22819,1
30558,0
12694,1
13101,1
2800,1
13804,0
12389,1
3696,0
18175,1
17873,1
6060,0
10516,1
29945,1
19852,1
19619,1
12842,0
6456,0
6589,1
15382,0
8541,0
9078,0
15489,0
7724,1
31922,1
5940,1
29093,1
20304,1
641,0
16944,0
27643,1
2475,1
9186,0
4162,1
21082,0
25184,1
1007,0
9471,0
28631,0
6019,0
20485,0
2515,0
15064,1
14316,0
11204,0
13562,0
26508,1
12677,0
26916,0
20145,0
220,1
7233,1
12776,0
29062,1
2879,1
10914,0
13558,1
25232,1
6816,1
29456,0
29247,0
2691,1
11825,1
8529,0
29173,1
5801,1
18217,0
9848,1
25861,0
22448,0
6732,0
10206,0
14738,1
16073,0
23304,0
11788,0
7123,0
3117,1
10017,0
9151,0
18205,0
10804,0
8215,1
195,0
23915,0
31698,1
18852,1
4309,0
14200,1
28431,0
6227,1
30710,1
10116,0
325,0
20841,1
6411,0
32387,0
25407,0
7586,0
12312,1
13520,0
32261,1
17283,1
30808,1
19603,1
15939,1
19868,1
15861,0
21112,0
14591,1
580,0
21409,0
20215,1
31575,1
24678,0
16192,1
22452,0
8071,0
26100,0
16203,0
20180,1
468,1
5669,1
24067,1
6751,1
18641,0
14092,0
3075,1
11252,1
20015,1
31531,1
19466,0
24819,0
31376,1
28062,1
18364,1
15281,1
11745,1
7527,0
2703,1
8211,0
736,0
1388,0
18346,1
871,0
15554,0
15985,0
26172,0
22803,1
12105,0
7083,0
18006,0
27395,1
24306,0
9035,0
11765,1
4767,1
3708,1
23735,0
31628,0
202,0
8630,1
1512,0
642,1
29045,0
1672,0
13904,1
12247,0
9606,1
17133,0
11577,0
13434,1
13351,0
6543,0
19609,1
10295,1
16838,0
9141,0
29169,0
12626,0
9093,1
3144,1
12899,0
27774,0
3010,1
13629,0
6805,1
21298,1
18071,0
29235,1
15302,0
19105,1
17900,1
18914,0
4193,1
24496,1
20777,0
12737,0
31768,0
7218,0
14248,0
28058,0
23568,0
10079,1
23554,1
7216,0
10449,1
8451,0
29577,0
8191,1
13976,1
27683,1
13531,0
3559,0
27539,1
20571,0
11767,1
11972,1
7128,1
17945,0
8619,1
11968,1
966,1
31808,0
17787,0
27236,0
17141,1
21213,0
2920,0
24922,0
23358,1
19007,1
22164,1
24792,0
1148,1
30500,0
25517,0
11131,1
21037,0
21787,0
21101,1
7038,1
7433,0
10606,1
32448,0
29687,0
28568,1
21387,0
21445,1
14708,1
19977,1
28440,0
18931,1
4591,0
15167,0
19931,1
16344,0
12623,0
14366,0
31290,0
22119,0
25542,0
10310,1
5244,0
22297,0
21967,0
17575,1
28640,1
25550,0
21905,1
2069,0
15906,1
23671,0
4189,0
5245,0
30388,1
12798,0
23755,1
17808,0
12029,0
10497,1
8571,1
14705,0
1607,1
16984,0
22795,0
26153,0
9858,1
6249,1
15913,0
6105,1
15926,0
6965,1
26833,0
31265,0
7197,1
28292,0
27537,1
20164,1
16082,1
4141,1
12110,1
23294,1
26788,1
26454,0
26698,1
24044,1
7265,1
9226,0
23916,0
22003,1
10666,0
30228,0
11344,1
2824,1
23060,1
16953,1
17917,1
26554,0
16321,1
14020,0
14414,0
2963,0
28897,0
25342,0
31105,0
15226,0
17467,0
23831,0
20686,1
16926,1
31790,1
25955,1
12858,0
16316,0
23843,1
22286,0
24827,0
6695,1
30314,1
9255,1
31064,0
20915,1
4890,1
31385,1
10845,1
21692,0
4143,1
6685,1
9965,0
3428,0
9979,0
26036,0
25741,1
20303,1
29885,0
18153,0
13253,0
10102,0
12508,0
105,1
11587,0
7243,1
30093,0
8846,1
21702,0
1582,1
9684,1
12063,0
1585,1
11919,0
19761,0
15097,0
19879,1
5694,1
895,1
30624,0
13124,0
26434,0
6758,1
9663,0
6650,0
6178,0
18657,0
25976,1
15437,1
9329,1
14850,1
20253,1
22380,1
21197,1
5507,0
24440,0
30179,1
31532,1
18625,1
14388,0
3672,0
15172,1
25590,0
7811,0
22658,1
20105,0
8458,0
30458,0
15317,1
8496,0
4513,0
21178,1
22356,0
28487,0
8949,0
4999,0
26750,1
30424,1
22849,0
12167,1
31066,1
8582,0
4395,1
5351,0
8092,0
12523,1
20682,1
26167,0
23886,0
6672,0
17581,1
25514,1
12267,0
27765,0
2377,1
32457,1
23374,0
11407,0
19529,0
21024,0
21055,1
3901,0
22651,1
7191,1
1015,1
1992,0
26939,0
19328,1
20461,0
21447,0
21155,0
25252,0
24727,0
10711,0
32342,1
24873,1
7861,1
29688,1
26476,0
14852,1
11270,1
29783,0
14664,1
15776,1
4146,1
10599,0
7852,1
24239,0
23726,0
27112,1
30467,1
1410,0
25585,0
8563,1
20366,1
14084,1
15393,0
4811,0
27412,1
24497,1
12575,0
11952,1
5122,1
19273,1
9853,1
24782,1
9819,0
20568,0
30171,1
21607,1
3854,1
12927,0
4755,0
21233,0
2909,1
28347,1
11110,1
24138,1
7048,1
16854,0
23559,0
4585,0
17129,1
29940,1
21762,0
1200,1
28466,1
28670,0
13525,1
20733,0
7042,1
24472,0
23174,1
13021,0
13394,1
13206,0
6715,1
6749,0
11398,1
3760,1
14792,1
13360,0
19699,0
16533,0
15081,0
738,0
16556,1
3323,0
18887,0
18140,1
6285,1
7960,1
13582,0
12134,0
27812,1
28021,1
16567,0
26184,0
7332,0
29585,1
7204,0
150,0
5176,0
7183,1
6028,1
31055,0
1002,0
14870,1
18861,1
28193,1
2235,0
12250,1
4902,0
4917,1
22517,1
27463,0
5425,0
17004,0
19779,1
22089,1
2135,1
30108,1
26251,0
27982,0
6640,0
27545,0
19182,0
27026,1
9778,1
16886,0
21129,0
6740,1
4563,0
16610,1
11709,1
1448,1
26998,0
28159,1
16537,0
26117,1
19986,0
17556,0
19911,1
12810,1
16872,1
7172,1
17760,0
23826,0
16351,1
31342,1
4392,1
1916,0
3720,0
29049,1
9679,0
30756,0
12446,0
6375,0
13404,0
4875,0
5781,0
2256,1
9719,0
8125,0
3182,0
20137,1
9218,0
23921,0
27214,1
13361,1
5224,0
28234,0
13090,0
27202,0
2520,1
8665,0
16044,1
32312,1
15666,0
6331,1
23462,0
27484,0
25239,0
4945,1
610,1
13691,0
21941,1
1778,1
15228,0
12262,0
9565,0
10499,1
9083,1
22290,1
4817,1
604,0
9868,1
4643,0
5261,0
20825,0
12769,0
27501,0
17309,0
10445,1
17752,0
28489,0
4744,1
22187,0
28863,0
29823,1
12544,0
27793,1
32063,0
21737,1
29986,0
27769,0
7944,1
9290,0
7786,0
26831,0
3643,1
12034,0
4980,0
29452,0
15611,1
15582,1
18564,1
27455,0
19417,0
19262,1
9450,1
29748,1
26931,0
5123,0
14944,1
5248,1
30529,1
11864,1
21821,0
22578,0
31539,0
32445,1
3941,1
9760,0
11659,0
12414,0
28829,0
20679,0
29881,0
297,1
455,1
2330,0
10591,1
14236,0
2857,0
1685,1
31588,0
28731,0
16180,1
879,1
20917,1
17167,0
21783,1
9745,1
1557,0
14370,0
20696,1
11296,0
11713,0
28460,0
6755,0
24480,1
5520,0
14602,0
9352,1
12412,1
15610,1
19697,1
13374,1
3083,0
14434,1
10781,1
8217,1
21512,1
31130,1
341,0
2976,0
16616,1
27142,0
15464,1
31509,0
20754,1
26125,0
14676,1
16230,0
19721,0
25801,0
13762,1
29896,1
8205,1
12147,0
8440,1
28947,0
95,0
5055,0
3645,1
10681,1
31448,1
30169,1
26656,1
32336,0
30046,1
28624,1
16122,1
25742,0
7366,0
8281,1
4586,0
2554,1
21724,0
19937,1
19804,0
4173,0
20057,1
8632,0
21591,1
12763,0
20532,0
19221,0
3401,0
11355,1
13153,1
1220,0
21107,0
8637,0
12850,0
10488,0
20512,0
27851,1
2334,1
22981,0
17774,0
8156,1
13345,0
408,0
3943,0
21477,1
15682,1
3605,1
20010,0
18269,0
8018,1
7636,0
25859,0
24283,1
25798,0
21333,1
19689,0
7190,0
8330,1
4618,0
3807,0
29961,0
9622,1
17348,0
1178,1
16361,1
1170,0
1573,0
19995,0
21856,0
1721,0
17123,1
725,1
14766,0
3062,1
21710,1
28806,0
14729,0
25712,1
31463,0
27805,0
7342,0
29934,1
11227,0
18429,1
12354,1
4022,1
12930,0
30494,1
20529,1
21845,1
8966,1
17420,1
15252,0
20076,1
30958,1
10127,0
30145,0
10933,1
15169,0
28890,1
31553,0
17567,0
10113,0
30218,1
22780,1
18187,0
2267,1
26448,1
32475,1
9823,1
8916,1
12875,1
4075,1
14697,1
20112,0
23048,1
9105,1
3620,1
30318,0
10493,1
9192,0
3484,0
1885,1
24888,0
18242,1
20974,0
13435,1
8989,0
30220,1
26249,1
11206,1
15900,1
16431,0
6926,0
8044,1
17941,0
26587,0
24493,1
27983,1
21878,0
9695,0
10783,0
21070,0
14540,0
5857,1
32394,0
11466,0
3718,0
11770,1
19109,0
31613,0
15018,0
29956,1
16640,1
29460,0
29203,0
6270,0
20527,1
2318,0
24516,1
21009,0
3380,1
17172,0
10367,0
30722,0
16754,0
3661,0
20018,0
9127,0
28247,1
26789,1
236,0
2930,0
586,1
3602,0
4064,1
6394,1
20849,0
2942,1
22428,1
26618,1
22353,1
21740,0
9757,1
808,1
1837,0
11697,0
18756,1
28114,0
24591,1
30772,0
18169,0
5213,0
19017,1
6404,1
1343,1
24843,0
10927,0
20354,1
16557,0
30819,1
16871,0
26822,1
6761,0
21247,1
4634,0
20607,0
15864,0
21595,0
26569,1
12290,0
20811,0
25160,1
11017,0
22120,0
25877,1
27242,1
15764,1
24184,1
3111,1
17759,0
8672,0
31449,1
31245,1
20238,0
29561,1
1226,1
18467,1
27196,0
2561,1
21745,1
13635,1
16020,0
17416,0
1779,0
17566,0
24101,0
28300,1
32295,0
6877,1
16228,0
91,1
5332,0
21523,1
11807,1
13415,0
28023,0
28447,1
9477,0
26933,1
30796,0
7146,1
16195,1
24859,1
28536,1
1483,1
16386,1
26103,1
31951,0
31037,1
7983,1
13205,1
14004,0
8492,1
22950,0
6033,0
763,0
10091,1
10426,0
25142,1
10068,1
15672,1
24816,1
3170,0
15850,1
10618,0
22890,1
18311,0
12537,0
13874,1
17643,1
4058,0
15867,0
370,0
30895,0
15816,1
4032,0
6495,1
18316,1
5110,0
8042,0
6501,1
29308,0
31915,0
27953,0
25477,1
7831,0
23405,1
23545,1
26968,0
20381,0
28410,1
6552,0
13611,1
2201,1
31191,0
21377,0
21640,1
17763,0
26388,1
14180,1
28558,0
17708,0
29263,0
20159,1
12024,1
7844,1
5025,0
26914,1
19773,1
7255,1
23504,0
24324,0
2832,0
10885,0
27298,1
14446,0
5238,0
24853,0
25864,1
25163,1
6914,0
11104,0
11615,0
16605,0
25005,1
1301,1
17748,1
5165,0
17490,0
21655,1
3756,1
8022,1
9810,1
13340,0
18377,0
27703,1
7701,0
246,0
4307,0
14463,0
9190,0
10381,1
15312,0
6477,1
19670,1
16445,0
32358,0
23086,0
30007,1
31964,0
20513,0
7889,1
13436,1
26662,0
3356,0
8494,1
17221,0
15942,0
8214,1
11687,0
26771,0
26677,1
15504,0
19899,0
251,1
1574,1
32396,1
3331,1
25865,0
28644,1
13876,1
18741,0
22027,0
17523,0
12359,0
27880,1
20290,1
26799,0
9608,0
21436,0
16621,0
18436,0
16466,1
32162,0
21455,1
1093,1
24766,0
18443,1
4434,0
8969,1
1552,0
1175,1
3882,1
6473,1
16502,1
31722,0
18193,1
30925,0
28475,0
24500,1
21772,0
10900,1
12321,0
9115,0
8032,1
2075,1
7164,1
18753,0
10986,0
20919,1
1933,1
31400,1
31437,0
4889,0
26123,1
12433,1
1936,0
1559,0
17072,0
16597,0
10501,1
1370,0
31547,1
10024,0
21675,0
27146,1
6629,0
31822,0
6305,1
13615,1
5013,0
14895,1
17156,0
29209,0
14634,1
21932,0
26207,0
392,1
29130,0
14911,0
29635,1
22229,1
30549,0
19826,1
16704,1
31209,0
31219,1
767,0
7737,1
19431,1
6458,1
26651,0
17018,0
3073,0
18789,1
26619,0
23729,1
20851,0
20516,0
31104,0
19108,0
30433,0
30330,0
10306,1
18483,0
257,0
24955,1
161,0
14830,0
6539,0
8797,0
17647,0
31939,0
8141,0
30685,0
23119,0
32548,1
24391,0
26779,0
18977,0
29404,0
7539,0
3642,1
12485,1
3105,0
2956,0
12918,0
29183,1
6172,0
4770,0
32151,0
2325,1
5780,1
26545,1
6131,0
10133,0
6348,1
29508,0
26591,0
2348,1
2412,0
8400,1
5939,1
17417,1
31464,1
14923,1
19256,0
25560,0
9871,0
31349,0
25215,1
6144,1
22833,1
30395,0
29279,1
16484,1
18189,1
4318,1
2389,0
21031,0
10861,1
24626,0
15042,1
15418,1
30541,0
30207,1
17137,0
25919,1
7328,0
29032,1
11860,1
20744,0
31374,0
6913,0
14560,0
13771,0
14432,0
3832,1
3508,1
19675,0
4081,1
3748,0
20600,1
1639,0
26764,0
20961,0
18232,0
17301,0
21121,0
18685,0
942,0
23581,1
29967,0
12908,1
1569,1
25848,1
3385,0
26596,0
14899,0
17997,0
21355,1
15332,0
6316,0
925,0
27988,0
8175,1
29318,1
21840,0
5252,0
15477,0
2946,0
16521,0
9857,1
11762,1
8795,1
26316,0
4098,0
663,1
25278,0
28744,0
25956,0
31710,1
5820,0
32503,0
10672,0
13449,0
22805,0
21643,1
14144,0
1117,0
30907,1
19369,0
30464,0
18495,0
5514,0
14327,0
23873,0
19074,1
17304,1
18398,1
6205,1
32472,1
18578,1
19990,1
20957,1
3705,1
16469,0
32456,1
29722,1
6854,0
14299,0
30234,0
5098,0
6321,1
27415,0
21502,0
21708,1
2187,1
18156,0
27276,0
4280,0
31020,0
3411,0
25559,1
31668,1
22650,0
3635,0
396,1
24062,0
21423,1
16489,0
18626,1
32103,1
13287,0
2627,0
17396,0
16368,0
15490,1
31728,1
12294,0
7039,1
10593,0
12123,0
7626,0
31658,1
24966,0
4840,1
25703,1
24965,0
17540,1
14942,0
29349,1
29403,1
29890,0
9722,1
12226,1
7962,0
21579,1
27174,0
8654,0
9967,1
29937,1
11086,0
15598,1
8394,0
4273,1
18395,0
21471,1
25599,0
32149,0
29201,0
28044,1
29991,0
17040,1
12764,0
11115,1
23032,0
12847,0
18125,1
7910,0
8329,1
17857,0
6040,0
13053,1
5884,1
17938,0
26260,1
3859,0
12394,1
31875,1
18988,1
19047,1
13971,1
3442,0
26611,1
22184,1
14568,0
15810,1
27343,0
415,1
6736,1
9298,0
5382,0
24417,0
182,0
6821,0
29280,0
3308,1
11440,1
29566,0
4303,0
21401,1
1739,0
30872,1
17476,0
11660,1
26121,0
13894,1
28716,1
23865,1
7446,1
22083,0
28914,0
11732,0
7939,1
13418,0
22869,1
21285,1
23093,0
27615,1
20412,1
1657,0
7631,1
21170,1
31235,0
30754,0
31405,1
7560,0
5379,1
22913,1
27318,1
864,0
29717,1
26369,0
8134,1
17576,1
4732,0
27082,1
6934,0
15025,0
22407,0
30822,1
30286,0
15181,0
1533,0
17201,1
6957,0
23474,0
11603,1
28975,1
12435,0
21457,1
9795,1
1629,0
14598,0
24863,0
8574,0
5986,0
15824,1
683,1
5254,0
24495,0
6356,0
2164,0
5278,0
21962,0
15386,0
31202,1
20121,1
12891,0
25875,0
1803,0
23279,0
15790,1
17487,1
13362,0
4088,1
4083,1
6988,0
5216,0
5543,0
14277,0
14252,1
2607,1
28270,1
22948,0
5671,1
29444,1
2615,0
1101,1
7675,1
1563,0
2249,1
20739,0
19766,0
13416,1
27163,0
11665,0
27543,1
17528,0
7713,0
20011,0
24104,0
31720,1
2323,0
7483,0
27252,0
30148,0
25244,0
11274,0
21472,0
2098,0
30670,1
18769,0
17175,0
9286,1
21494,0
13670,0
27046,1
16390,0
8243,1
8123,1
9939,0
23924,1
14544,0
3243,0
18751,0
14630,1
25992,1
31417,0
25494,0
28504,1
16430,1
3802,0
32142,0
8183,0
8341,1
17014,0
28228,1
12474,1
10907,1
7142,0
9788,0
19655,0
9747,1
638,1
31876,0
22543,0
22449,0
1171,1
31987,1
9492,1
23839,1
7308,0
30278,0
25381,0
24739,0
16409,0
6014,0
15887,1
23130,0
16652,1
1296,1
5227,0
2193,0
3434,1
7139,0
23245,0
28016,1
32217,1
15960,0
8066,0
23018,1
13087,1
30602,0
5088,1
1769,0
15363,0
2219,0
16527,1
21666,1
4419,1
11999,1
29591,0
23925,0
15461,0
1390,0
533,0
18656,0
5751,1
3212,1
11867,1
12401,0
19967,1
8858,1
23715,0
25277,1
13269,0
6953,0
2061,1
3588,0
31805,0
7873,0
25733,1
20640,1
13893,0
2892,0
19504,1
29598,0
24309,0
24839,1
20813,0
11730,0
30594,1
8898,1
5913,1
6949,1
29396,1
22830,1
29850,1
24286,0
3945,1
23897,1
12621,0
23206,1
31834,0
11302,0
17970,0
24300,1
10413,1
23207,1
24084,0
4010,1
31168,1
1966,0
12711,0
11214,1
104,1
29128,0
26849,1
24367,0
3927,0
8869,0
23394,0
27084,1
4264,1
10637,0
4014,0
24002,1
1099,1
20315,0
1616,1
6822,1
29107,1
4574,1
24608,1
17584,0
25173,1
26221,1
24113,1
6464,0
31555,1
13933,1
16336,1
3098,0
20268,0
7266,0
19497,0
3765,1
6302,0
14990,1
102,0
17516,0
32094,0
11845,0
21934,1
30048,0
2060,1
16241,0
8754,0
32226,1
31362,1
7179,1
30714,0
14404,0
25110,1
22851,0
28369,0
7267,1
18093,1
4791,1
26923,0
1159,1
12723,1
17035,0
29872,1
6069,0
22571,1
19384,1
22630,0
8140,0
16864,1
3110,1
11564,1
28229,1
30224,0
13677,1
31388,0
4857,1
20110,1
23536,1
24528,1
3060,0
20257,1
8616,0
6324,0
29694,1
5225,1
16923,1
10217,0
16835,1
25825,0
18345,0
11452,0
21083,0
9579,1
1786,0
20069,1
1602,0
5533,1
15015,1
28508,1
26432,0
12733,1
10012,0
31030,0
10733,0
20558,1
13207,0
2743,1
29789,1
6597,0
25788,0
8757,0
30539,1
12085,1
6756,1
15668,1
32095,0
32114,0
25155,0
25363,1
20411,0
6480,1
16424,0
26608,0
7175,1
4232,1
552,1
24731,1
1120,0
16460,1
21044,1
29111,1
16829,0
14797,1
26322,0
16773,1
32102,1
16270,1
29887,0
1546,1
11708,0
4479,0
21605,0
7327,1
21899,1
5243,0
10055,1
22398,0
16895,1
2202,1
19196,0
3730,1
22266,1
702,1
611,0
12693,1
11367,0
5035,0
11354,1
693,1
15770,0
5566,1
19713,0
1996,0
2873,1
14380,0
13579,0
11989,1
15127,1
1793,0
32469,1
4629,1
3371,1
29420,0
21575,1
32002,0
27352,0
32058,1
7377,0
19202,0
14072,1
26367,1
27618,1
16546,1
31108,1
21030,1
3963,1
5170,0
17463,0
4366,0
16966,1
19518,0
9496,0
10946,0
8283,1
24733,1
23960,0
11983,0
23381,1
6164,1
30144,0
4699,0
11146,0
3173,1
658,1
3126,1
25567,1
12068,0
27031,0
25026,1
15801,1
10486,1
29315,1
9772,1
18466,1
4043,1
24389,1
29048,0
5885,1
26273,1
13610,1
27577,1
29467,0
20993,1
14863,0
23278,1
1646,1
20233,0
18659,1
25081,1
12971,0
4317,0
12366,1
10670,0
1444,1
11607,0
32309,1
4952,0
15108,0
20034,1
18618,0
19042,1
4427,1
16397,0
18159,0
14062,1
24394,0
22086,0
28965,1
3822,0
2505,0
18281,0
17253,1
26599,1
27579,1
11631,0
1221,1
1587,1
22547,1
19348,0
18737,1
24227,1
12497,1
21679,1
12975,1
25521,0
29167,0
3019,1
8054,1
15993,0
23144,0
16168,1
22167,1
9032,0
31548,0
442,1
29637,0
2803,1
6928,1
854,0
23011,0
2008,1
29402,0
9761,0
1665,1
16042,1
31515,0
29216,0
30683,0
29612,0
27376,0
2507,1
17817,0
22553,1
23353,1
6314,0
32316,1
24464,1
9121,0
18814,1
12089,0
11025,0
28580,0
29603,1
7150,1
28732,0
4057,1
22249,0
14465,1
24699,0
9866,0
31909,0
10532,0
29310,0
28516,1
25508,1
23339,0
939,1
5848,0
27282,1
22200,1
1752,1
1787,0
11010,0
30379,1
6475,0
31462,1
21888,0
2141,1
18484,0
22606,0
23708,0
2272,0
10739,1
806,0
31079,0
9776,1
8137,1
29854,1
7294,0
14477,1
9111,0
2175,1
14247,0
23509,1
4681,1
19901,1
1264,0
19885,1
21753,1
5971,0
26080,0
14185,0
9299,1
13653,0
26447,0
25806,1
19647,1
20614,0
7390,1
21902,1
20555,1
26472,0
28146,0
3109,1
23951,1
24325,1
12291,1
14500,0
1435,1
29706,0
25437,0
25682,0
14713,1
31900,1
22788,0
8895,1
14382,0
31279,1
4205,1
4528,0
19349,1
5663,1
3314,0
8612,1
19211,1
26040,0
3302,1
21922,1
14466,1
28468,1
32544,0
29788,0
2672,0
1975,1
27181,0
3072,1
20400,0
6833,0
30672,0
6246,0
22429,1
13226,1
18207,1
17445,1
29916,1
8645,0
16785,0
3911,0
12968,0
28824,1
25720,1
11568,1
26784,1
19881,1
4673,1
4024,1
25343,1
31632,1
21460,1
31973,1
7542,0
13696,0
17480,1
28051,0
21003,0
24526,1
22308,0
22550,1
12120,1
2246,1
9271,1
20737,1
23563,1
5800,0
27191,1
9969,0
17027,1
13888,1
13451,1
24973,0
29283,1
8930,0
22067,0
27397,0
2713,0
5258,0
30255,1
1021,0
2818,0
20341,0
19780,0
5253,1
1682,0
25201,0
4940,1
26630,1
6241,1
21331,0
7739,1
7564,1
27287,0
23199,1
28221,1
233,0
16795,1
14551,0
19206,1
26731,0
7131,1
27402,0
6093,1
12397,0
3611,0
28032,1
30442,1
25766,0
27303,0
26994,0
2461,1
30360,0
12645,0
9767,0
9720,0
27919,0
22414,0
26499,1
10537,1
25841,1
7209,0
10005,0
15223,0
8749,0
26861,0
14621,0
14576,1
32292,1
25473,1
30828,0
15465,0
23652,0
28903,0
21752,1
6951,1
21149,0
6089,1
23128,0
14317,0
10269,1
14721,0
31031,1
31083,0
7627,0
32480,1
25739,0
21549,1
16624,0
11123,0
23693,0
20855,0
22275,1
9899,1
4909,0
15883,0
30970,0
32229,0
23069,0
19126,0
6730,1
22533,0
26279,0
7423,1
23557,1
1715,1
28510,0
29903,1
875,1
9150,1
27704,0
23591,1
25129,1
4002,1
28327,0
29387,1
19011,0
15917,1
5732,1
8736,1
6528,1
13943,1
20141,1
7403,1
7858,1
8948,1
8470,0
28162,1
30396,1
20053,0
18935,0
26884,0
14875,0
8499,1
585,1
921,1
27668,1
30564,1
4389,0
21805,1
10507,1
3874,1
10942,1
15305,1
24329,1
20687,1
29799,0
16338,0
3984,1
6245,0
11540,0
17935,1
355,1
3536,0
3903,1
19984,1
28389,0
16911,1
5898,0
14363,0
26059,1
22468,0
21393,0
2781,1
27998,1
12873,0
14794,1
13665,0
2288,1
5357,1
17565,1
8850,1
20261,0
29040,1
16056,0
2953,1
16878,0
9564,0
25588,1
4517,0
6693,0
2738,0
28050,1
9619,1
18910,1
20439,0
11246,1
31785,0
22970,0
7838,1
12540,0
4559,0
18417,0
28763,0
25869,1
15400,0
3810,0
16128,1
10909,1
31811,1
1658,0
30153,0
11139,0
29441,1
930,0
19014,0
6921,0
10601,0
5861,1
3372,0
5677,0
17489,1
24234,0
15711,1
23941,1
14293,1
22837,0
27225,1
941,0
6895,1
11789,0
12890,0
17442,1
28682,0
13809,1
5395,0
30667,1
6900,1
11589,0
20617,0
11264,1
26834,0
30435,1
6013,1
30826,1
15149,0
12415,0
11148,0
7686,0
13913,1
27386,1
9926,1
17968,0
19611,0
31563,1
2118,1
1162,1
26395,0
26003,1
14025,0
18317,1
25468,1
13545,1
18529,0
27959,1
8986,0
11132,1
9518,0
21461,0
10021,1
634,1
12589,0
30817,1
27485,0
3298,0
14137,0
16190,1
17422,0
24302,1
18958,0
21484,0
20325,0
5218,0
22745,0
5115,1
23081,1
28400,0
12096,1
28665,0
17705,0
21925,0
26732,1
27344,1
25227,0
12527,1
17204,1
19651,1
460,1
11363,0
8150,1
12679,0
12306,1
24305,1
15330,0
25500,1
28757,0
22135,0
23397,0
15249,1
21731,1
8030,0
6034,0
29400,0
23786,0
23217,0
8542,0
21554,0
885,1
7018,1
4570,0
10577,0
12967,0
28444,0
19338,0
27453,0
16900,0
6633,1
27707,1
13744,1
1485,0
11552,0
9703,0
8077,0
9163,0
11506,0
4285,1
22399,0
24363,1
14774,1
25711,0
29503,0
22666,0
13695,1
29211,0
2311,0
28875,1
692,0
13392,0
30803,1
21721,1
717,0
24797,1
10536,0
11391,1
6282,1
20072,0
24669,1
26469,1
1925,1
4863,0
27574,0
28695,1
15583,0
11297,1
29252,1
13170,1
12767,0
5743,0
4775,0
18537,1
3467,0
12057,1
11202,0
10982,1
28263,1
27390,1
18454,0
4769,1
23220,0
30065,0
5483,1
16057,0
26598,0
28817,0
12698,1
15501,0
6381,0
1531,0
13630,0
8318,0
5018,1
30968,1
17462,1
25912,1
2791,1
17272,0
10574,1
14141,1
26267,1
26015,0
967,1
15284,0
12026,0
27898,0
28658,0
15851,0
6186,0
14894,1
15374,0
25352,1
5108,1
12984,1
28385,0
12098,0
30177,0
29342,1
27520,1
31503,0
30205,0
1475,1
13916,0
25740,1
191,0
8271,1
7525,1
32111,1
29559,1
24519,1
22590,0
29180,0
1717,1
24804,0
11833,1
3396,0
475,0
22011,1
19326,1
34,1
22901,1
26095,0
31086,1
27803,1
18075,0
7566,1
19493,1
22315,1
23095,0
25531,0
32167,1
7034,0
7759,1
25949,1
330,1
20952,1
17444,0
22704,0
28608,1
15950,1
8802,0
27744,1
29025,1
919,0
16821,0
6254,0
4476,1
10671,0
31733,0
29139,1
21855,0
28777,1
6343,0
6673,1
1260,0
21563,0
2120,1
11958,0
4287,0
19851,0
6984,0
6554,1
958,0
21911,0
22880,1
11277,0
16347,1
26805,1
24803,0
9066,1
15914,1
2301,0
20981,1
8762,0
25125,0
31550,0
20061,1
8910,1
15535,0
10070,1
8731,1
19025,1
10887,1
20743,0
14762,1
1254,0
30979,1
19275,0
18176,0
30663,1
12142,1
18191,1
20209,0
28794,0
12676,0
12259,1
5886,0
29012,0
2748,1
13174,0
16265,0
27546,1
5633,1
2937,1
4278,0
20170,0
13103,0
5836,0
8444,0
3584,0
9846,0
29943,0
7971,0
6387,0
13381,0
822,1
4958,1
8225,0
17247,0
5180,0
23159,1
30194,1
28218,1
24465,1
4997,1
14557,0
2182,1
15665,0
20809,0
26259,0
8287,0
16403,1
22931,1
24698,0
10364,0
29777,0
13964,1
32319,0
26441,0
7690,1
2837,0
23104,1
32250,1
32129,0
31192,0
23422,1
3077,1
26288,0
25918,0
13307,0
20040,1
17947,1
20192,1
25498,0
22354,1
11627,0
14340,1
22326,0
25488,0
30507,0
25166,1
19857,1
4995,1
5758,1
26912,0
8227,1
9637,1
15343,1
39,0
15402,1
9413,1
16215,0
31583,1
28430,0
6646,0
32534,0
19252,1
31653,1
27608,0
1018,1
21612,0
2598,1
511,0
12438,1
18784,1
11198,1
22762,0
18743,1
30617,1
13926,0
10339,0
9991,0
27551,1
5856,1
13064,1
426,0
25581,0
1984,1
18649,1
27721,1
30678,1
6843,1
1393,1
11724,0
2023,1
5282,0
4172,0
16313,0
11026,0
12364,1
22048,1
7800,0
17869,0
11085,0
4255,1
26516,0
16661,1
6638,1
16141,1
6269,0
29670,1
7485,1
26109,0
7567,0
17305,1
10160,1
7159,0
8911,1
18927,0
2638,0
7490,1
28336,1
13826,0
27854,0
30080,0
12854,1
23436,0
20728,0
26406,1
7080,0
2273,1
6007,1
21803,0
2179,0
9199,0
8735,1
970,1
26203,1
14133,1
27183,0
29573,1
22182,1
8700,1
31693,1
16488,0
23519,0
28302,0
9789,1
10921,0
9812,0
20695,1
1868,0
16649,1
15601,1
6811,0
7246,1
28324,0
9162,1
10524,1
26408,0
7289,0
9580,1
28630,0
12357,0
20762,0
2732,0
7254,1
22985,0
23475,1
20935,1
26383,0
19756,0
522,1
18459,1
28507,1
27595,1
1591,1
14675,0
1383,0
15724,1
9050,0
24796,0
32233,1
23731,0
7059,1
17761,1
23840,0
3048,1
26218,1
21782,1
20066,1
19553,0
6160,1
8711,1
9327,0
6263,1
3146,0
23825,1
6922,1
11795,0
7909,0
18416,1
15102,1
16093,0
28206,1
21248,1
24390,1
1438,1
7045,0
25279,1
19743,0
6268,0
528,1
12594,0
19572,1
18978,0
352,0
27878,0
24928,0
5355,1
24379,1
17606,0
29360,1
8588,1
10023,0
17655,1
5695,1
28319,0
2298,1
10086,0
2483,0
31855,1
25382,1
16768,0
12282,0
29411,0
15416,0
21669,0
14589,1
28115,1
4764,1
25438,1
783,0
1537,0
30892,1
28368,1
5125,1
27102,1
6855,0
18969,0
23674,0
28318,1
23796,1
2814,0
3546,0
8250,1
19813,1
12373,1
3870,0
63,1
16196,1
13070,1
18764,1
20899,1
15448,1
1465,0
15992,1
8730,0
21617,1
12231,1
7170,0
22246,0
3089,0
17101,0
8324,0
13569,1
8892,0
3204,0
27726,1
4505,1
32275,1
10494,1
21535,0
29779,0
23822,0
15921,0
18298,1
5807,1
17865,1
16111,1
19325,0
9609,0
1288,1
27866,0
8866,0
9330,1
25759,0
19320,1
18382,0
10775,0
27418,1
16696,1
8944,1
11276,0
2315,0
24485,0
4410,1
14272,1
7860,1
23917,0
7236,1
5234,0
5012,0
30428,0
5452,0
28161,1
30236,1
21858,1
24418,1
2280,1
3499,1
5264,0
30300,1
28996,1
27083,0
26239,1
5954,1
16504,1
5563,0
6814,0
23041,0
8354,1
9880,0
30520,1
25528,0
29484,0
7540,1
5881,0
19324,0
2091,0
20204,1
22036,1
15569,0
12536,1
20182,0
9371,1
25878,1
9037,1
19207,0
23905,0
16712,1
15559,0
6123,1
23276,0
21475,0
29567,0
6786,0
2655,0
21627,1
17725,0
16084,1
8201,0
14172,1
12754,1
18851,0
4504,1
24802,0
29912,0
21680,1
23611,1
12261,1
12271,0
23266,0
561,1
3502,1
3636,0
30137,1
24613,1
26475,1
7380,1
31994,1
20622,0
14896,0
29824,1
15786,0
2954,0
18378,1
30870,1
10822,0
24868,1
11034,0
26824,1
12546,0
348,1
1271,1
7803,1
1515,0
25218,0
14427,0
31236,0
16635,1
15187,1
14387,1
13498,1
13702,1
9806,1
6101,1
1155,1
25209,1
11125,0
3402,1
20850,1
5010,1
15895,0
24148,0
28815,1
8186,1
25725,0
9738,1
640,1
30767,0
842,0
12832,1
2527,1
21621,1
21747,0
19227,0
11588,0
17135,1
20559,0
5128,1
21168,0
11307,1
25011,1
16106,1
12606,1
28337,0
10288,0
23142,0
17146,0
25629,1
14970,0
12338,0
24352,1
25940,0
12045,1
13275,0
7898,0
29626,1
13844,1
18026,0
28954,0
31413,0
31831,1
23026,0
9733,1
16225,1
1892,0
9134,1
3675,0
22829,0
14254,1
32406,1
12933,0
9479,0
19620,0
16213,1
27672,1
22280,1
11602,1
28137,0
25686,1
17022,0
31970,0
29797,0
7434,0
27806,1
2063,0
24675,1
12753,1
16787,0
15765,0
27753,0
1844,0
13992,1
10214,1
20970,1
1193,0
28095,0
7859,1
7274,0
10514,1
2173,1
8691,0
7742,1
24081,0
25787,0
8822,1
19171,0
32076,0
12746,1
6570,1
6185,1
30978,1
26359,1
9377,0
3604,0
12104,1
31496,0
15957,0
5631,0
12620,0
28581,0
2624,1
18110,1
24452,1
19306,1
18014,0
22796,0
3658,1
28527,1
5980,0
24904,1
14489,1
4731,1
28687,1
31250,0
12440,1
6545,0
9114,1
25634,1
18613,1
24741,1
13726,0
1805,0
21876,1
29324,1
30834,1
25324,0
2981,1
6920,0
1496,1
18150,0
27915,1
4537,0
29900,1
29439,0
19957,1
17093,1
20151,1
22669,0
2801,0
20047,1
3850,0
32145,0
15999,1
6819,0
30918,0
20,1
3735,0
28922,0
25293,0
26792,1
5350,0
18629,0
21045,0
11190,1
13116,0
32388,0
18956,0
15427,0
28427,0
3169,1
2122,0
8693,0
14263,1
6689,0
28492,1
3039,0
3595,1
10067,0
14693,0
3186,1
2745,1
27655,1
29862,0
24194,1
12827,0
22444,1
9019,1
10401,1
21884,1
13521,0
14745,0
7693,0
14301,1
28745,1
26023,1
2804,1
10176,1
3368,0
20755,0
23525,1
22486,0
5770,1
1788,0
794,1
9081,0
25462,0
20581,1
21533,0
25687,1
18870,0
29640,0
30376,1
11518,1
21198,1
27431,0
23213,0
376,0
4548,1
26537,0
4016,1
11303,0
11176,1
28791,1
30917,1
29059,0
21051,1
24701,0
31153,1
14585,1
29188,1
23469,0
8121,1
9521,1
16977,0
14957,0
13303,0
16717,1
17631,0
29269,0
4053,0
16577,1
22893,1
4714,0
13012,0
24788,1
28904,1
28724,0
16522,0
8422,0
13390,1
30004,1
28027,0
11016,1
21403,1
5731,0
6575,1
25338,1
908,0
22304,1
27037,1
24453,0
21000,1
9322,1
10163,1
7050,0
17841,1
25051,1
2198,1
18240,0
17151,0
26578,0
6885,0
22675,1
15076,0
10337,1
4814,0
7193,0
5935,0
29600,1
4239,1
21367,1
4488,1
27684,0
29457,0
2087,1
2410,0
26604,0
10076,0
7124,0
7060,1
29768,1
18053,0
9968,1
21351,0
12705,0
19959,1
32551,0
5730,1
2960,0
13481,0
25883,1
5855,1
23799,0
28476,1
29977,1
27435,1
23414,1
18452,1
5653,0
7365,0
7798,0
29331,0
28503,1
11792,0
16493,0
17816,0
16931,1
3683,1
31070,0
27582,1
12868,1
13458,0
10767,1
19717,0
628,1
26119,0
2848,0
20987,0
2836,0
25653,1
27237,0
13388,1
6161,1
2994,0
16969,1
28451,1
25186,0
12807,0
17870,0
11652,0
18790,1
26835,0
9770,1
411,0
24569,1
1973,0
10181,0
28754,1
1781,1
264,1
13474,0
130,1
31244,0
28259,0
17227,1
27766,0
25603,0
20206,0
21867,1
30908,0
32231,1
11490,1
5053,0
8408,0
23889,0
6222,0
487,1
20501,1
26397,0
9146,1
17530,0
32502,0
31522,1
8224,1
6705,1
26061,1
21206,1
2338,0
30012,1
6564,1
21345,0
21953,1
9627,0
31003,0
26922,1
18129,1
8375,1
1432,1
24756,1
6169,1
31119,0
23226,0
6455,0
2482,1
29837,0
19500,0
24326,0
22077,0
4642,1
4971,1
7855,0
32263,0
26230,0
26723,1
210,0
22671,1
6709,0
26785,1
20443,0
8245,0
21862,0
32244,0
14632,0
18442,0
13065,1
9311,0
21487,1
31127,0
14670,0
23655,0
6847,0
21417,0
15200,1
12249,1
25282,0
17944,0
13115,1
14537,0
16158,1
2864,1
14343,0
11420,1
9676,0
23837,0
16224,0
19116,1
2258,0
29366,1
2884,1
16987,0
4823,1
11463,1
11669,0
4955,0
21883,1
23501,1
12801,0
13868,0
31436,0
11380,0
7210,1
262,1
12840,0
10824,1
3918,0
11562,1
25123,0
12568,1
6653,0
1890,1
7897,0
29382,1
28104,1
12274,0
15952,0
32346,0
12605,1
17009,0
10629,1
31895,0
30884,1
31744,1
9599,1
26212,0
22916,1
30914,1
186,1
16034,0
11477,0
27731,1
5231,0
29220,1
13955,0
6328,1
74,0
27419,0
7625,0
1680,1
1362,0
16266,1
30860,0
11691,1
9660,0
620,1
12610,1
21992,0
25303,0
32096,0
12672,0
12552,0
1371,1
2131,1
16939,0
23233,1
31719,0
19238,1
12447,0
23805,0
21816,1
27087,0
5495,1
24585,1
9566,0
21313,0
11927,1
13722,1
14053,0
13950,0
13932,0
1408,0
26801,1
9167,0
3572,0
14070,1
29034,1
4465,1
24467,0
23460,1
1342,0
30001,1
25207,0
23701,0
31594,0
32485,0
4893,1
1954,0
24720,1
4033,0
4335,1
5397,0
22604,0
3651,1
1746,1
27943,1
30404,0
5977,1
15708,1
2955,0
21663,0
1655,0
19329,1
19946,0
4870,1
3150,1
9118,1
21798,1
18536,0
4448,1
16022,0
24814,1
26146,1
27198,1
15460,0
19582,0
6968,1
16962,0
18655,1
26344,0
9499,1
28733,0
8952,1
26600,0
10717,0
31372,1
25008,0
54,1
3483,0
16416,1
19685,0
26287,1
1209,0
21452,1
13548,1
9732,0
19567,0
9392,1
8433,0
17470,1
13251,1
21920,1
11932,1
5331,0
3363,1
11428,1
2308,1
28703,0
28434,1
28827,0
4471,1
7607,0
5378,0
16600,0
5674,0
30291,1
2555,1
15893,0
2833,0
8543,1
30337,1
25276,0
5457,1
11212,0
1859,0
226,0
24769,1
15997,1
10174,1
23787,1
8624,0
26361,0
21160,0
1399,1
4483,0
23214,1
28153,0
28126,0
12636,1
16846,0
8884,1
2480,1
23389,0
11024,1
3480,1
4442,0
19442,0
10530,0
6866,0
3124,1
14115,1
26245,1
15936,0
23168,1
16050,0
9372,0
2826,0
23806,0
30060,1
5762,1
27257,1
16998,0
13555,1
21517,0
20697,0
23238,0
2578,0
13973,0
20670,1
14534,0
8593,0
30960,1
30389,0
6070,0
13608,0
12461,0
5196,1
15852,0
22401,1
11414,0
17680,1
18834,1
20214,0
20440,0
7950,0
22804,0
25924,0
7979,1
23758,1
10875,1
6192,0
14613,1
2725,1
10746,1
9546,0
9125,1
13083,0
5134,0
3775,0
32344,1
14112,1
7668,1
13496,1
6675,1
6002,1
16955,1
20635,0
6747,1
30074,0
2147,0
19930,1
30130,1
24240,1
29504,1
4036,0
6940,1
9777,1
12158,1
19260,1
7932,1
1612,0
5896,0
13081,1
23036,1
19734,0
1249,1
29276,1
25032,1
16529,0
20255,0
2665,0
20757,1
19148,1
30460,0
1924,0
9140,1
30094,0
21040,0
18122,1
6541,0
27063,1
25997,1
7779,1
11612,1
5768,1
25615,0
9159,1
2890,0
25174,1
1771,0
12953,0
13286,1
20372,0
16267,0
31818,0
5900,0
8339,1
789,0
12809,1
9577,1
23699,0
9578,0
16688,1
28215,1
11377,1
26107,1
10075,1
3362,1
32478,0
12808,0
29897,0
23003,0
16483,1
5526,0
7401,0
31390,1
22756,0
1298,1
10758,0
20701,1
115,0
11862,0
3375,1
3451,0
11163,1
4170,1
21598,0
6424,0
28502,1
10082,0
20848,0
28123,1
18137,1
5753,1
16550,0
31446,1
30923,0
32034,1
8812,0
31009,1
3717,1
31843,1
23789,1
2919,0
8939,1
26781,0
1439,1
32147,0
5673,0
15310,0
15480,0
18358,1
30339,0
12511,1
13693,0
7435,0
29225,0
28636,1
12380,1
11216,1
8266,0
11717,1
17855,0
26189,0
9997,0
2993,0
20361,0
9251,0
793,0
7750,1
4357,0
25210,0
5863,0
8489,0
17355,0
30239,1
15134,0
83,1
21689,1
11247,1
17598,0
17061,0
7221,1
24635,1
9542,0
28587,0
21861,1
32274,1
12255,1
31544,1
27261,1
13223,0
3503,1
10943,0
4793,1
1908,1
11628,1
15474,0
23571,0
12604,1
24593,0
18265,0
25805,1
30305,0
11004,1
20884,0
26152,1
30805,1
21565,0
1696,1
21869,0
28275,1
31438,0
22740,1
29042,1
25618,1
2662,1
22928,0
6489,1
6945,1
29927,1
3242,0
28482,1
10246,1
4993,1
32069,0
31012,0
21342,0
18276,0
31659,1
12056,0
3804,0
19330,1
12734,0
6588,0
7053,0
15987,1
11610,1
6440,1
14674,1
11550,1
192,1
10187,0
25331,1
31014,1
29243,1
29496,0
1633,0
10209,0
21510,0
11137,1
2137,1
4588,1
7180,0
26796,0
4695,1
28621,0
15306,1
17632,0
3856,1
18690,0
14441,1
8138,1
5409,0
12377,1
1287,0
15605,1
16251,1
25509,1
18057,1
5182,1
2117,1
28224,1
14120,1
9087,0
22494,0
12515,0
22175,1
600,0
14289,0
15953,0
24407,0
32253,1
30033,0
23493,0
2711,0
24793,0
4837,1
24011,1
3695,1
30655,1
1379,1
3466,1
23583,1
24664,1
1545,0
32315,1
5874,1
3360,1
13337,1
4186,1
18650,1
20352,1
3488,0
19059,1
26676,0
22333,0
31927,1
6979,1
30763,0
26151,0
17784,1
13210,0
20342,1
26198,0
7407,0
19877,1
8517,0
26318,1
19698,1
19241,1
30532,1
12452,0
28550,0
26672,1
30618,0
32558,0
6170,0
28052,1
3614,1
17844,0
24483,0
32014,1
20950,0
19565,1
14922,1
25084,0
2998,1
14198,1
31019,1
3069,1
9233,1
8449,0
6568,1
14243,0
17302,1
485,0
8647,1
13987,0
26830,1
14877,0
6869,0
19588,0
12501,1
26235,1
21431,1
2571,0
13633,0
28689,0
28746,0
482,1
28802,1
31969,1
32430,1
18733,0
11326,1
602,1
4184,0
23572,0
9729,0
25652,0
27872,1
7538,1
26716,0
25371,1
5301,0
6415,0
8725,0
3032,0
17468,1
23180,1
24995,1
3549,1
10149,1
5805,0
30630,1
11320,0
18250,1
18573,1
8476,1
18665,1
19450,1
9855,0
28344,1
449,0
29272,1
32364,1
31518,0
22459,1
16352,1
14290,1
11106,1
4451,1
25130,0
20067,1
7405,0
11961,0
23489,1
21250,0
12421,1
2948,1
31128,1
5294,1
2283,1
26176,1
5960,0
13532,0
2460,1
10077,1
10765,0
10843,1
20831,0
16633,0
30244,1
30551,1
2876,0
28122,0
13845,0
17572,1
30528,1
11431,1
1567,1
19511,1
13460,0
17202,1
31408,1
8460,0
24925,1
28899,1
2668,1
17224,1
170,1
20116,0
6602,0
3222,0
19124,1
9275,0
10192,0
2001,1
19374,1
22202,0
31846,0
28099,0
5308,0
2656,0
29873,1
21041,0
23618,0
12773,0
9828,1
11799,1
8405,0
18046,0
11319,1
30955,0
30064,1
23598,0
7715,0
4787,1
21021,0
24989,0
4887,1
18621,1
26743,1
19621,1
9379,0
11510,1
30030,0
31825,1
21973,0
12928,1
20999,1
7639,0
21729,0
22418,0
17610,0
15616,1
6248,0
26936,1
3449,0
10646,0
10171,0
5212,0
28290,0
31607,0
31649,0
27530,0
29942,1
21693,0
22505,1
9560,0
8643,1
18597,0
4019,0
13341,0
7547,0
5,0
2379,1
28307,1
9230,1
12787,0
5968,0
4074,1
27846,0
30102,1
20413,1
576,0
2902,0
22367,0
6012,0
1749,1
21453,0
31034,1
10475,1
13191,1
31749,0
12346,1
27573,1
30744,0
4261,0
28240,1
25709,0
21360,1
24535,0
3246,1
768,1
12059,1
9281,1
31412,0
6930,1
17864,1
27070,1
30282,1
24823,1
31542,1
13513,0
15909,1
25507,1
17899,0
11850,0
13699,1
1920,0
10584,0
9689,1
29645,1
10003,0
9207,1
3699,0
25106,1
12803,1
28977,0
17943,1
2221,1
28735,0
6025,0
14837,1
6526,0
30661,0
27012,1
19152,0
7213,0
10519,0
27824,1
31179,1
10779,1
12966,0
4472,1
14814,0
4571,0
20680,0
4155,1
10742,1
13716,0
28056,0
6790,0
13668,0
16264,0
17092,1
26496,0
3015,1
31100,1
19523,1
30210,1
11443,0
16016,1
4991,0
32463,0
25872,0
5624,0
31043,1
23453,1
10522,0
3768,1
2496,1
8995,0
8734,1
13261,1
8882,0
28696,1
6095,1
22015,0
16908,1
22073,0
8975,1
2908,1
24723,1
15053,1
16749,1
28213,1
12762,0
1418,1
486,1
17069,0
13686,0
21124,0
26565,1
22441,0
4485,0
16541,0
31049,0
7645,1
15860,0
24754,0
25562,1
20118,1
27167,0
7371,1
9874,0
7970,1
21317,0
1133,0
23500,0
30113,1
6893,1
20062,1
10356,0
4047,1
27740,1
19764,0
31309,1
11516,0
19938,1
16568,0
12697,0
19584,0
18800,0
2375,1
24598,1
23075,1
6150,0
28593,1
29664,0
1891,1
13682,0
18503,0
12849,1
18822,1
820,0
24360,0
28864,0
18318,1
30142,0
16358,1
30481,0
16376,0
30329,1
24185,0
24508,1
22021,0
26,1
11810,1
245,0
22839,0
4326,0
23231,1
16849,0
30731,0
25691,0
22962,0
19,1
26951,1
29485,1
29354,1
31655,0
20130,0
8719,0
17089,1
21229,1
30401,0
30119,0
24654,0
27712,0
15808,1
28008,1
8356,1
10871,0
11423,1
1468,1
12752,0
21895,1
31595,0
23435,1
2007,0
21773,1
24439,0
28354,1
18359,1
32219,0
1427,0
32161,1
23808,1
10512,0
17399,1
3824,0
22792,1
18230,0
4029,0
19167,1
12664,0
29326,1
12237,0
4046,1
21467,0
4084,1
909,1
9216,0
27267,1
7694,0
13751,0
7964,0
19464,1
1177,1
29653,1
651,1
24988,1
902,0
9017,0
1042,0
10755,0
20326,0
4477,0
25212,1
10379,1
12205,0
20522,1
29832,1
32223,1
33,0
5102,0
17936,1
28521,1
13166,0
3153,1
13623,1
29015,0
5217,1
10801,0
5815,0
18028,0
18705,1
27939,1
2809,1
30316,0
31044,0
12039,0
14119,1
22188,1
24071,0
31772,0
26012,1
24491,0
24426,1
31826,0
19575,0
16410,1
10649,1
28364,0
18757,0
18569,0
1378,0
11060,0
20639,0
14893,0
10324,1
22366,0
17008,1
1553,1
16210,0
20299,1
31865,0
26191,1
5644,0
15260,1
3563,0
3252,1
29237,1
7234,0
6923,0
14816,0
9001,0
26197,0
8990,0
25894,1
27010,0
478,0
11692,1
19712,0
23135,0
8292,0
26246,0
6127,1
27408,1
15350,0
2657,0
17535,0
10939,1
10248,1
31864,0
23488,1
9065,1
25066,0
24742,0
18593,1
242,1
11425,1
22062,1
16894,0
18553,0
20934,1
24096,0
5005,0
13628,1
1535,1
8564,0
9237,0
27447,1
7471,0
11231,1
3833,0
20101,0
16747,1
12713,0
13408,0
31897,0
31512,1
7729,1
8130,1
9063,1
9205,1
1403,0
26689,1
15030,1
26713,0
4149,1
27347,0
201,1
16074,1
24582,1
29985,0
10372,0
10761,1
29563,1
15829,0
21537,0
21989,0
1938,0
15316,0
12973,1
24024,1
30735,1
14960,1
27541,1
15439,0
26551,0
20095,1
31099,0
8744,1
3950,1
32519,0
13317,1
16516,0
14925,1
18592,0
17318,1
20448,1
5364,1
9062,1
17321,0
23325,0
31159,1
13391,0
36,0
5772,1
31801,1
32416,0
3634,1
13914,0
17174,0
14546,1
31042,1
14865,0
9947,0
8870,0
19413,0
25556,1
31418,1
1358,1
29750,0
28157,1
12257,0
6193,1
10967,1
18718,0
21980,0
8034,0
16259,1
30743,0
11052,1
16622,0
10620,0
6888,0
20340,1
1009,1
30456,0
869,1
27480,0
10792,1
7300,1
22747,0
31394,0
13437,0
18667,1
19921,0
17925,0
9341,1
27108,1
14314,1
9384,0
28719,0
9916,0
7700,0
3583,0
11155,1
14731,0
23273,0
7707,0
28853,1
590,0
6380,1
20277,0
4180,0
15828,1
9185,1
9381,1
6884,0
31530,0
4978,0
12078,1
14454,1
7017,0
17659,1
27942,1
4404,1
25148,0
30489,0
15911,1
12428,1
16053,0
2421,0
570,0
2030,0
9664,0
11569,1
28961,0
6836,0
20270,1
9998,0
26722,0
27532,1
9022,1
27148,0
3835,1
8674,0
12735,1
20093,1
16805,0
23031,0
32028,1
25689,1
1218,1
14765,0
24140,0
2420,1
9559,0
24684,1
21038,1
31592,1
29292,1
26309,1
18849,0
21789,1
12256,1
4119,0
21195,0
22929,1
13605,1
25436,0
11689,0
6151,0
7851,0
16323,1
13896,0
22609,1
30450,1
7015,0
19210,0
19770,0
20562,0
30784,0
15624,1
30198,0
6647,1
31992,1
19586,1
17839,1
4063,0
26192,0
17105,1
12330,1
8362,0
10294,1
25743,0
23484,1
12284,0
5776,1
18693,0
8849,1
26603,0
20471,1
1652,1
31996,1
5998,0
8306,0
7804,1
18259,1
4275,0
22934,0
17617,1
25896,0
4300,0
11406,0
18123,0
12326,0
13110,1
31940,0
22291,1
11657,1
10255,1
6259,1
10019,0
17623,0
8556,1
30021,1
28634,1
1848,0
20690,0
5759,1
31206,1
22760,1
11236,1
6912,0
16051,0
944,0
11614,0
14517,0
18196,0
1488,1
27650,0
7382,1
4782,0
3369,0
25625,0
8014,0
949,0
20498,0
16343,0
4274,1
943,0
30097,1
1731,0
21089,1
20085,0
24163,0
440,1
2829,0
27468,1
28097,1
22508,1
260,1
23105,0
4813,0
15152,0
25406,1
1775,1
30544,0
1977,1
32040,1
15007,0
29132,0
1272,0
28340,1
9972,0
9849,0
12400,1
18371,1
12403,0
30831,1
30862,1
26944,1
22683,1
28071,1
25385,1
11753,1
